"name","unicode","bytes","emojiid","emoji","rencoding"
"grinning face with smiling eyes","U+1F601","\xF0\x9F\x98\x81",1,"ğŸ˜","<ed><a0><bd><ed><b8><81>"
"face with tears of joy","U+1F602","\xF0\x9F\x98\x82",2,"ğŸ˜‚","<ed><a0><bd><ed><b8><82>"
"smiling face with open mouth","U+1F603","\xF0\x9F\x98\x83",3,"ğŸ˜ƒ","<ed><a0><bd><ed><b8><83>"
"smiling face with open mouth and smiling eyes","U+1F604","\xF0\x9F\x98\x84",4,"ğŸ˜„","<ed><a0><bd><ed><b8><84>"
"smiling face with open mouth and cold sweat","U+1F605","\xF0\x9F\x98\x85",5,"ğŸ˜…","<ed><a0><bd><ed><b8><85>"
"smiling face with open mouth and tightly-closed eyes","U+1F606","\xF0\x9F\x98\x86",6,"ğŸ˜†","<ed><a0><bd><ed><b8><86>"
"winking face","U+1F609","\xF0\x9F\x98\x89",7,"ğŸ˜‰","<ed><a0><bd><ed><b8><89>"
"smiling face with smiling eyes","U+1F60A","\xF0\x9F\x98\x8A",8,"ğŸ˜Š","<ed><a0><bd><ed><b8><8a>"
"face savouring delicious food","U+1F60B","\xF0\x9F\x98\x8B",9,"ğŸ˜‹","<ed><a0><bd><ed><b8><8b>"
"relieved face","U+1F60C","\xF0\x9F\x98\x8C",10,"ğŸ˜Œ","<ed><a0><bd><ed><b8><8c>"
"smiling face with heart-shaped eyes","U+1F60D","\xF0\x9F\x98\x8D",11,"ğŸ˜","<ed><a0><bd><ed><b8><8d>"
"smirking face","U+1F60F","\xF0\x9F\x98\x8F",12,"ğŸ˜","<ed><a0><bd><ed><b8><8f>"
"unamused face","U+1F612","\xF0\x9F\x98\x92",13,"ğŸ˜’","<ed><a0><bd><ed><b8><92>"
"face with cold sweat","U+1F613","\xF0\x9F\x98\x93",14,"ğŸ˜“","<ed><a0><bd><ed><b8><93>"
"pensive face","U+1F614","\xF0\x9F\x98\x94",15,"ğŸ˜”","<ed><a0><bd><ed><b8><94>"
"confounded face","U+1F616","\xF0\x9F\x98\x96",16,"ğŸ˜–","<ed><a0><bd><ed><b8><96>"
"face throwing a kiss","U+1F618","\xF0\x9F\x98\x98",17,"ğŸ˜˜","<ed><a0><bd><ed><b8><98>"
"kissing face with closed eyes","U+1F61A","\xF0\x9F\x98\x9A",18,"ğŸ˜š","<ed><a0><bd><ed><b8><9a>"
"face with stuck-out tongue and winking eye","U+1F61C","\xF0\x9F\x98\x9C",19,"ğŸ˜œ","<ed><a0><bd><ed><b8><9c>"
"face with stuck-out tongue and tightly-closed eyes","U+1F61D","\xF0\x9F\x98\x9D",20,"ğŸ˜","<ed><a0><bd><ed><b8><9d>"
"disappointed face","U+1F61E","\xF0\x9F\x98\x9E",21,"ğŸ˜","<ed><a0><bd><ed><b8><9e>"
"angry face","U+1F620","\xF0\x9F\x98\xA0",22,"ğŸ˜ ","<ed><a0><bd><ed><b8><a0>"
"pouting face","U+1F621","\xF0\x9F\x98\xA1",23,"ğŸ˜¡","<ed><a0><bd><ed><b8><a1>"
"crying face","U+1F622","\xF0\x9F\x98\xA2",24,"ğŸ˜¢","<ed><a0><bd><ed><b8><a2>"
"persevering face","U+1F623","\xF0\x9F\x98\xA3",25,"ğŸ˜£","<ed><a0><bd><ed><b8><a3>"
"face with look of triumph","U+1F624","\xF0\x9F\x98\xA4",26,"ğŸ˜¤","<ed><a0><bd><ed><b8><a4>"
"disappointed but relieved face","U+1F625","\xF0\x9F\x98\xA5",27,"ğŸ˜¥","<ed><a0><bd><ed><b8><a5>"
"fearful face","U+1F628","\xF0\x9F\x98\xA8",28,"ğŸ˜¨","<ed><a0><bd><ed><b8><a8>"
"weary face","U+1F629","\xF0\x9F\x98\xA9",29,"ğŸ˜©","<ed><a0><bd><ed><b8><a9>"
"sleepy face","U+1F62A","\xF0\x9F\x98\xAA",30,"ğŸ˜ª","<ed><a0><bd><ed><b8><aa>"
"tired face","U+1F62B","\xF0\x9F\x98\xAB",31,"ğŸ˜«","<ed><a0><bd><ed><b8><ab>"
"loudly crying face","U+1F62D","\xF0\x9F\x98\xAD",32,"ğŸ˜­","<ed><a0><bd><ed><b8><ad>"
"face with open mouth and cold sweat","U+1F630","\xF0\x9F\x98\xB0",33,"ğŸ˜°","<ed><a0><bd><ed><b8><b0>"
"face screaming in fear","U+1F631","\xF0\x9F\x98\xB1",34,"ğŸ˜±","<ed><a0><bd><ed><b8><b1>"
"astonished face","U+1F632","\xF0\x9F\x98\xB2",35,"ğŸ˜²","<ed><a0><bd><ed><b8><b2>"
"flushed face","U+1F633","\xF0\x9F\x98\xB3",36,"ğŸ˜³","<ed><a0><bd><ed><b8><b3>"
"dizzy face","U+1F635","\xF0\x9F\x98\xB5",37,"ğŸ˜µ","<ed><a0><bd><ed><b8><b5>"
"face with medical mask","U+1F637","\xF0\x9F\x98\xB7",38,"ğŸ˜·","<ed><a0><bd><ed><b8><b7>"
"grinning cat face with smiling eyes","U+1F638","\xF0\x9F\x98\xB8",39,"ğŸ˜¸","<ed><a0><bd><ed><b8><b8>"
"cat face with tears of joy","U+1F639","\xF0\x9F\x98\xB9",40,"ğŸ˜¹","<ed><a0><bd><ed><b8><b9>"
"smiling cat face with open mouth","U+1F63A","\xF0\x9F\x98\xBA",41,"ğŸ˜º","<ed><a0><bd><ed><b8><ba>"
"smiling cat face with heart-shaped eyes","U+1F63B","\xF0\x9F\x98\xBB",42,"ğŸ˜»","<ed><a0><bd><ed><b8><bb>"
"cat face with wry smile","U+1F63C","\xF0\x9F\x98\xBC",43,"ğŸ˜¼","<ed><a0><bd><ed><b8><bc>"
"kissing cat face with closed eyes","U+1F63D","\xF0\x9F\x98\xBD",44,"ğŸ˜½","<ed><a0><bd><ed><b8><bd>"
"pouting cat face","U+1F63E","\xF0\x9F\x98\xBE",45,"ğŸ˜¾","<ed><a0><bd><ed><b8><be>"
"crying cat face","U+1F63F","\xF0\x9F\x98\xBF",46,"ğŸ˜¿","<ed><a0><bd><ed><b8><bf>"
"weary cat face","U+1F640","\xF0\x9F\x99\x80",47,"ğŸ™€","<ed><a0><bd><ed><b9><80>"
"face with no good gesture","U+1F645","\xF0\x9F\x99\x85",48,"ğŸ™…","<ed><a0><bd><ed><b9><85>"
"face with ok gesture","U+1F646","\xF0\x9F\x99\x86",49,"ğŸ™†","<ed><a0><bd><ed><b9><86>"
"person bowing deeply","U+1F647","\xF0\x9F\x99\x87",50,"ğŸ™‡","<ed><a0><bd><ed><b9><87>"
"see-no-evil monkey","U+1F648","\xF0\x9F\x99\x88",51,"ğŸ™ˆ","<ed><a0><bd><ed><b9><88>"
"hear-no-evil monkey","U+1F649","\xF0\x9F\x99\x89",52,"ğŸ™‰","<ed><a0><bd><ed><b9><89>"
"speak-no-evil monkey","U+1F64A","\xF0\x9F\x99\x8A",53,"ğŸ™Š","<ed><a0><bd><ed><b9><8a>"
"happy person raising one hand","U+1F64B","\xF0\x9F\x99\x8B",54,"ğŸ™‹","<ed><a0><bd><ed><b9><8b>"
"person raising both hands in celebration","U+1F64C","\xF0\x9F\x99\x8C",55,"ğŸ™Œ","<ed><a0><bd><ed><b9><8c>"
"person frowning","U+1F64D","\xF0\x9F\x99\x8D",56,"ğŸ™","<ed><a0><bd><ed><b9><8d>"
"person with pouting face","U+1F64E","\xF0\x9F\x99\x8E",57,"ğŸ™","<ed><a0><bd><ed><b9><8e>"
"person with folded hands","U+1F64F","\xF0\x9F\x99\x8F",58,"ğŸ™","<ed><a0><bd><ed><b9><8f>"
"black scissors","U+2702","\xE2\x9C\x82",59,"âœ‚","<e2><9c><82>"
"white heavy check mark","U+2705","\xE2\x9C\x85",60,"âœ…","<e2><9c><85>"
"airplane","U+2708","\xE2\x9C\x88",61,"âœˆ","<e2><9c><88>"
"envelope","U+2709","\xE2\x9C\x89",62,"âœ‰","<e2><9c><89>"
"raised fist","U+270A","\xE2\x9C\x8A",63,"âœŠ","<e2><9c><8a>"
"raised hand","U+270B","\xE2\x9C\x8B",64,"âœ‹","<e2><9c><8b>"
"victory hand","U+270C","\xE2\x9C\x8C",65,"âœŒ","<e2><9c><8c>"
"pencil","U+270F","\xE2\x9C\x8F",66,"âœ","<e2><9c><8f>"
"black nib","U+2712","\xE2\x9C\x92",67,"âœ’","<e2><9c><92>"
"heavy check mark","U+2714","\xE2\x9C\x94",68,"âœ”","<e2><9c><94>"
"heavy multiplication x","U+2716","\xE2\x9C\x96",69,"âœ–","<e2><9c><96>"
"sparkles","U+2728","\xE2\x9C\xA8",70,"âœ¨","<e2><9c><a8>"
"eight spoked asterisk","U+2733","\xE2\x9C\xB3",71,"âœ³","<e2><9c><b3>"
"eight pointed black star","U+2734","\xE2\x9C\xB4",72,"âœ´","<e2><9c><b4>"
"snowflake","U+2744","\xE2\x9D\x84",73,"â„","<e2><9d><84>"
"sparkle","U+2747","\xE2\x9D\x87",74,"â‡","<e2><9d><87>"
"cross mark","U+274C","\xE2\x9D\x8C",75,"âŒ","<e2><9d><8c>"
"negative squared cross mark","U+274E","\xE2\x9D\x8E",76,"â","<e2><9d><8e>"
"black question mark ornament","U+2753","\xE2\x9D\x93",77,"â“","<e2><9d><93>"
"white question mark ornament","U+2754","\xE2\x9D\x94",78,"â”","<e2><9d><94>"
"white exclamation mark ornament","U+2755","\xE2\x9D\x95",79,"â•","<e2><9d><95>"
"heavy exclamation mark symbol","U+2757","\xE2\x9D\x97",80,"â—","<e2><9d><97>"
"heavy black heart","U+2764","\xE2\x9D\xA4",81,"â¤","<e2><9d><a4>"
"heavy plus sign","U+2795","\xE2\x9E\x95",82,"â•","<e2><9e><95>"
"heavy minus sign","U+2796","\xE2\x9E\x96",83,"â–","<e2><9e><96>"
"heavy division sign","U+2797","\xE2\x9E\x97",84,"â—","<e2><9e><97>"
"black rightwards arrow","U+27A1","\xE2\x9E\xA1",85,"â¡","<e2><9e><a1>"
"curly loop","U+27B0","\xE2\x9E\xB0",86,"â°","<e2><9e><b0>"
"rocket","U+1F680","\xF0\x9F\x9A\x80",87,"ğŸš€","<ed><a0><bd><ed><ba><80>"
"railway car","U+1F683","\xF0\x9F\x9A\x83",88,"ğŸšƒ","<ed><a0><bd><ed><ba><83>"
"high-speed train","U+1F684","\xF0\x9F\x9A\x84",89,"ğŸš„","<ed><a0><bd><ed><ba><84>"
"high-speed train with bullet nose","U+1F685","\xF0\x9F\x9A\x85",90,"ğŸš…","<ed><a0><bd><ed><ba><85>"
"metro","U+1F687","\xF0\x9F\x9A\x87",91,"ğŸš‡","<ed><a0><bd><ed><ba><87>"
"station","U+1F689","\xF0\x9F\x9A\x89",92,"ğŸš‰","<ed><a0><bd><ed><ba><89>"
"bus","U+1F68C","\xF0\x9F\x9A\x8C",93,"ğŸšŒ","<ed><a0><bd><ed><ba><8c>"
"bus stop","U+1F68F","\xF0\x9F\x9A\x8F",94,"ğŸš","<ed><a0><bd><ed><ba><8f>"
"ambulance","U+1F691","\xF0\x9F\x9A\x91",95,"ğŸš‘","<ed><a0><bd><ed><ba><91>"
"fire engine","U+1F692","\xF0\x9F\x9A\x92",96,"ğŸš’","<ed><a0><bd><ed><ba><92>"
"police car","U+1F693","\xF0\x9F\x9A\x93",97,"ğŸš“","<ed><a0><bd><ed><ba><93>"
"taxi","U+1F695","\xF0\x9F\x9A\x95",98,"ğŸš•","<ed><a0><bd><ed><ba><95>"
"automobile","U+1F697","\xF0\x9F\x9A\x97",99,"ğŸš—","<ed><a0><bd><ed><ba><97>"
"recreational vehicle","U+1F699","\xF0\x9F\x9A\x99",100,"ğŸš™","<ed><a0><bd><ed><ba><99>"
"delivery truck","U+1F69A","\xF0\x9F\x9A\x9A",101,"ğŸšš","<ed><a0><bd><ed><ba><9a>"
"ship","U+1F6A2","\xF0\x9F\x9A\xA2",102,"ğŸš¢","<ed><a0><bd><ed><ba><a2>"
"speedboat","U+1F6A4","\xF0\x9F\x9A\xA4",103,"ğŸš¤","<ed><a0><bd><ed><ba><a4>"
"horizontal traffic light","U+1F6A5","\xF0\x9F\x9A\xA5",104,"ğŸš¥","<ed><a0><bd><ed><ba><a5>"
"construction sign","U+1F6A7","\xF0\x9F\x9A\xA7",105,"ğŸš§","<ed><a0><bd><ed><ba><a7>"
"police cars revolving light","U+1F6A8","\xF0\x9F\x9A\xA8",106,"ğŸš¨","<ed><a0><bd><ed><ba><a8>"
"triangular flag on post","U+1F6A9","\xF0\x9F\x9A\xA9",107,"ğŸš©","<ed><a0><bd><ed><ba><a9>"
"door","U+1F6AA","\xF0\x9F\x9A\xAA",108,"ğŸšª","<ed><a0><bd><ed><ba><aa>"
"no entry sign","U+1F6AB","\xF0\x9F\x9A\xAB",109,"ğŸš«","<ed><a0><bd><ed><ba><ab>"
"smoking symbol","U+1F6AC","\xF0\x9F\x9A\xAC",110,"ğŸš¬","<ed><a0><bd><ed><ba><ac>"
"no smoking symbol","U+1F6AD","\xF0\x9F\x9A\xAD",111,"ğŸš­","<ed><a0><bd><ed><ba><ad>"
"bicycle","U+1F6B2","\xF0\x9F\x9A\xB2",112,"ğŸš²","<ed><a0><bd><ed><ba><b2>"
"pedestrian","U+1F6B6","\xF0\x9F\x9A\xB6",113,"ğŸš¶","<ed><a0><bd><ed><ba><b6>"
"mens symbol","U+1F6B9","\xF0\x9F\x9A\xB9",114,"ğŸš¹","<ed><a0><bd><ed><ba><b9>"
"womens symbol","U+1F6BA","\xF0\x9F\x9A\xBA",115,"ğŸšº","<ed><a0><bd><ed><ba><ba>"
"restroom","U+1F6BB","\xF0\x9F\x9A\xBB",116,"ğŸš»","<ed><a0><bd><ed><ba><bb>"
"baby symbol","U+1F6BC","\xF0\x9F\x9A\xBC",117,"ğŸš¼","<ed><a0><bd><ed><ba><bc>"
"toilet","U+1F6BD","\xF0\x9F\x9A\xBD",118,"ğŸš½","<ed><a0><bd><ed><ba><bd>"
"water closet","U+1F6BE","\xF0\x9F\x9A\xBE",119,"ğŸš¾","<ed><a0><bd><ed><ba><be>"
"bath","U+1F6C0","\xF0\x9F\x9B\x80",120,"ğŸ›€","<ed><a0><bd><ed><bb><80>"
"circled latin capital letter m","U+24C2","\xE2\x93\x82",121,"â“‚","<e2><93><82>"
"negative squared latin capital letter a","U+1F170","\xF0\x9F\x85\xB0",122,"ğŸ…°","<ed><a0><bc><ed><b5><b0>"
"negative squared latin capital letter b","U+1F171","\xF0\x9F\x85\xB1",123,"ğŸ…±","<ed><a0><bc><ed><b5><b1>"
"negative squared latin capital letter o","U+1F17E","\xF0\x9F\x85\xBE",124,"ğŸ…¾","<ed><a0><bc><ed><b5><be>"
"negative squared latin capital letter p","U+1F17F","\xF0\x9F\x85\xBF",125,"ğŸ…¿","<ed><a0><bc><ed><b5><bf>"
"negative squared ab","U+1F18E","\xF0\x9F\x86\x8E",126,"ğŸ†","<ed><a0><bc><ed><b6><8e>"
"squared cl","U+1F191","\xF0\x9F\x86\x91",127,"ğŸ†‘","<ed><a0><bc><ed><b6><91>"
"squared cool","U+1F192","\xF0\x9F\x86\x92",128,"ğŸ†’","<ed><a0><bc><ed><b6><92>"
"squared free","U+1F193","\xF0\x9F\x86\x93",129,"ğŸ†“","<ed><a0><bc><ed><b6><93>"
"squared id","U+1F194","\xF0\x9F\x86\x94",130,"ğŸ†”","<ed><a0><bc><ed><b6><94>"
"squared new","U+1F195","\xF0\x9F\x86\x95",131,"ğŸ†•","<ed><a0><bc><ed><b6><95>"
"squared ng","U+1F196","\xF0\x9F\x86\x96",132,"ğŸ†–","<ed><a0><bc><ed><b6><96>"
"squared ok","U+1F197","\xF0\x9F\x86\x97",133,"ğŸ†—","<ed><a0><bc><ed><b6><97>"
"squared sos","U+1F198","\xF0\x9F\x86\x98",134,"ğŸ†˜","<ed><a0><bc><ed><b6><98>"
"squared up with exclamation mark","U+1F199","\xF0\x9F\x86\x99",135,"ğŸ†™","<ed><a0><bc><ed><b6><99>"
"squared vs","U+1F19A","\xF0\x9F\x86\x9A",136,"ğŸ†š","<ed><a0><bc><ed><b6><9a>"
"regional indicator symbol letter d + regional indicator symbol letter e","U+1F1E9 U+1F1EA","\xF0\x9F\x87\xA9\xF0\x9F\x87\xAA",137,"ğŸ‡©ğŸ‡ª","<ed><a0><bc><ed><b7><a9><ed><a0><bc><ed><b7><aa>"
"regional indicator symbol letter g + regional indicator symbol letter b","U+1F1EC U+1F1E7","\xF0\x9F\x87\xAC\xF0\x9F\x87\xA7",138,"ğŸ‡¬ğŸ‡§","<ed><a0><bc><ed><b7><ac><ed><a0><bc><ed><b7><a7>"
"regional indicator symbol letter c + regional indicator symbol letter n","U+1F1E8 U+1F1F3","\xF0\x9F\x87\xA8\xF0\x9F\x87\xB3",139,"ğŸ‡¨ğŸ‡³","<ed><a0><bc><ed><b7><a8><ed><a0><bc><ed><b7><b3>"
"regional indicator symbol letter j + regional indicator symbol letter p","U+1F1EF U+1F1F5","\xF0\x9F\x87\xAF\xF0\x9F\x87\xB5",140,"ğŸ‡¯ğŸ‡µ","<ed><a0><bc><ed><b7><af><ed><a0><bc><ed><b7><b5>"
"regional indicator symbol letter k + regional indicator symbol letter r","U+1F1F0 U+1F1F7","\xF0\x9F\x87\xB0\xF0\x9F\x87\xB7",141,"ğŸ‡°ğŸ‡·","<ed><a0><bc><ed><b7><b0><ed><a0><bc><ed><b7><b7>"
"regional indicator symbol letter f + regional indicator symbol letter r","U+1F1EB U+1F1F7","\xF0\x9F\x87\xAB\xF0\x9F\x87\xB7",142,"ğŸ‡«ğŸ‡·","<ed><a0><bc><ed><b7><ab><ed><a0><bc><ed><b7><b7>"
"regional indicator symbol letter e + regional indicator symbol letter s","U+1F1EA U+1F1F8","\xF0\x9F\x87\xAA\xF0\x9F\x87\xB8",143,"ğŸ‡ªğŸ‡¸","<ed><a0><bc><ed><b7><aa><ed><a0><bc><ed><b7><b8>"
"regional indicator symbol letter i + regional indicator symbol letter t","U+1F1EE U+1F1F9","\xF0\x9F\x87\xAE\xF0\x9F\x87\xB9",144,"ğŸ‡®ğŸ‡¹","<ed><a0><bc><ed><b7><ae><ed><a0><bc><ed><b7><b9>"
"regional indicator symbol letter u + regional indicator symbol letter s","U+1F1FA U+1F1F8","\xF0\x9F\x87\xBA\xF0\x9F\x87\xB8",145,"ğŸ‡ºğŸ‡¸","<ed><a0><bc><ed><b7><ba><ed><a0><bc><ed><b7><b8>"
"regional indicator symbol letter r + regional indicator symbol letter u","U+1F1F7 U+1F1FA","\xF0\x9F\x87\xB7\xF0\x9F\x87\xBA",146,"ğŸ‡·ğŸ‡º","<ed><a0><bc><ed><b7><b7><ed><a0><bc><ed><b7><ba>"
"squared katakana koko","U+1F201","\xF0\x9F\x88\x81",147,"ğŸˆ","<ed><a0><bc><ed><b8><81>"
"squared katakana sa","U+1F202","\xF0\x9F\x88\x82",148,"ğŸˆ‚","<ed><a0><bc><ed><b8><82>"
"squared cjk unified ideograph-7121","U+1F21A","\xF0\x9F\x88\x9A",149,"ğŸˆš","<ed><a0><bc><ed><b8><9a>"
"squared cjk unified ideograph-6307","U+1F22F","\xF0\x9F\x88\xAF",150,"ğŸˆ¯","<ed><a0><bc><ed><b8><af>"
"squared cjk unified ideograph-7981","U+1F232","\xF0\x9F\x88\xB2",151,"ğŸˆ²","<ed><a0><bc><ed><b8><b2>"
"squared cjk unified ideograph-7a7a","U+1F233","\xF0\x9F\x88\xB3",152,"ğŸˆ³","<ed><a0><bc><ed><b8><b3>"
"squared cjk unified ideograph-5408","U+1F234","\xF0\x9F\x88\xB4",153,"ğŸˆ´","<ed><a0><bc><ed><b8><b4>"
"squared cjk unified ideograph-6e80","U+1F235","\xF0\x9F\x88\xB5",154,"ğŸˆµ","<ed><a0><bc><ed><b8><b5>"
"squared cjk unified ideograph-6709","U+1F236","\xF0\x9F\x88\xB6",155,"ğŸˆ¶","<ed><a0><bc><ed><b8><b6>"
"squared cjk unified ideograph-6708","U+1F237","\xF0\x9F\x88\xB7",156,"ğŸˆ·","<ed><a0><bc><ed><b8><b7>"
"squared cjk unified ideograph-7533","U+1F238","\xF0\x9F\x88\xB8",157,"ğŸˆ¸","<ed><a0><bc><ed><b8><b8>"
"squared cjk unified ideograph-5272","U+1F239","\xF0\x9F\x88\xB9",158,"ğŸˆ¹","<ed><a0><bc><ed><b8><b9>"
"squared cjk unified ideograph-55b6","U+1F23A","\xF0\x9F\x88\xBA",159,"ğŸˆº","<ed><a0><bc><ed><b8><ba>"
"circled ideograph advantage","U+1F250","\xF0\x9F\x89\x90",160,"ğŸ‰","<ed><a0><bc><ed><b9><90>"
"circled ideograph accept","U+1F251","\xF0\x9F\x89\x91",161,"ğŸ‰‘","<ed><a0><bc><ed><b9><91>"
"copyright sign","U+00A9","\xC2\xA9",162,"Â©","<c2><a9>"
"registered sign","U+00AE","\xC2\xAE",163,"Â®","<c2><ae>"
"double exclamation mark","U+203C","\xE2\x80\xBC",164,"â€¼","<e2><80><bc>"
"exclamation question mark","U+2049","\xE2\x81\x89",165,"â‰","<e2><81><89>"
"digit eight + combining enclosing keycap","U+0038 U+20E3","\x38\xE2\x83\xA3",166,"8âƒ£","8<e2><83><a3>"
"digit nine + combining enclosing keycap","U+0039 U+20E3","\x39\xE2\x83\xA3",167,"9âƒ£","9<e2><83><a3>"
"digit seven + combining enclosing keycap","U+0037 U+20E3","\x37\xE2\x83\xA3",168,"7âƒ£","7<e2><83><a3>"
"digit six + combining enclosing keycap","U+0036 U+20E3","\x36\xE2\x83\xA3",169,"6âƒ£","6<e2><83><a3>"
"digit one + combining enclosing keycap","U+0031 U+20E3","\x31\xE2\x83\xA3",170,"1âƒ£","1<e2><83><a3>"
"digit zero + combining enclosing keycap","U+0030 U+20E3","\x30\xE2\x83\xA3",171,"0âƒ£","0<e2><83><a3>"
"digit two + combining enclosing keycap","U+0032 U+20E3","\x32\xE2\x83\xA3",172,"2âƒ£","2<e2><83><a3>"
"digit three + combining enclosing keycap","U+0033 U+20E3","\x33\xE2\x83\xA3",173,"3âƒ£","3<e2><83><a3>"
"digit five + combining enclosing keycap","U+0035 U+20E3","\x35\xE2\x83\xA3",174,"5âƒ£","5<e2><83><a3>"
"digit four + combining enclosing keycap","U+0034 U+20E3","\x34\xE2\x83\xA3",175,"4âƒ£","4<e2><83><a3>"
"number sign + combining enclosing keycap","U+0023 U+20E3","\x23\xE2\x83\xA3",176,"#âƒ£","#<e2><83><a3>"
"trade mark sign","U+2122","\xE2\x84\xA2",177,"â„¢","<e2><84><a2>"
"information source","U+2139","\xE2\x84\xB9",178,"â„¹","<e2><84><b9>"
"left right arrow","U+2194","\xE2\x86\x94",179,"â†”","<e2><86><94>"
"up down arrow","U+2195","\xE2\x86\x95",180,"â†•","<e2><86><95>"
"north west arrow","U+2196","\xE2\x86\x96",181,"â†–","<e2><86><96>"
"north east arrow","U+2197","\xE2\x86\x97",182,"â†—","<e2><86><97>"
"south east arrow","U+2198","\xE2\x86\x98",183,"â†˜","<e2><86><98>"
"south west arrow","U+2199","\xE2\x86\x99",184,"â†™","<e2><86><99>"
"leftwards arrow with hook","U+21A9","\xE2\x86\xA9",185,"â†©","<e2><86><a9>"
"rightwards arrow with hook","U+21AA","\xE2\x86\xAA",186,"â†ª","<e2><86><aa>"
"watch","U+231A","\xE2\x8C\x9A",187,"âŒš","<e2><8c><9a>"
"hourglass","U+231B","\xE2\x8C\x9B",188,"âŒ›","<e2><8c><9b>"
"black right-pointing double triangle","U+23E9","\xE2\x8F\xA9",189,"â©","<e2><8f><a9>"
"black left-pointing double triangle","U+23EA","\xE2\x8F\xAA",190,"âª","<e2><8f><aa>"
"black up-pointing double triangle","U+23EB","\xE2\x8F\xAB",191,"â«","<e2><8f><ab>"
"black down-pointing double triangle","U+23EC","\xE2\x8F\xAC",192,"â¬","<e2><8f><ac>"
"alarm clock","U+23F0","\xE2\x8F\xB0",193,"â°","<e2><8f><b0>"
"hourglass with flowing sand","U+23F3","\xE2\x8F\xB3",194,"â³","<e2><8f><b3>"
"black small square","U+25AA","\xE2\x96\xAA",195,"â–ª","<e2><96><aa>"
"white small square","U+25AB","\xE2\x96\xAB",196,"â–«","<e2><96><ab>"
"black right-pointing triangle","U+25B6","\xE2\x96\xB6",197,"â–¶","<e2><96><b6>"
"black left-pointing triangle","U+25C0","\xE2\x97\x80",198,"â—€","<e2><97><80>"
"white medium square","U+25FB","\xE2\x97\xBB",199,"â—»","<e2><97><bb>"
"black medium square","U+25FC","\xE2\x97\xBC",200,"â—¼","<e2><97><bc>"
"white medium small square","U+25FD","\xE2\x97\xBD",201,"â—½","<e2><97><bd>"
"black medium small square","U+25FE","\xE2\x97\xBE",202,"â—¾","<e2><97><be>"
"black sun with rays","U+2600","\xE2\x98\x80",203,"â˜€","<e2><98><80>"
"cloud","U+2601","\xE2\x98\x81",204,"â˜","<e2><98><81>"
"black telephone","U+260E","\xE2\x98\x8E",205,"â˜","<e2><98><8e>"
"ballot box with check","U+2611","\xE2\x98\x91",206,"â˜‘","<e2><98><91>"
"umbrella with rain drops","U+2614","\xE2\x98\x94",207,"â˜”","<e2><98><94>"
"hot beverage","U+2615","\xE2\x98\x95",208,"â˜•","<e2><98><95>"
"white up pointing index","U+261D","\xE2\x98\x9D",209,"â˜","<e2><98><9d>"
"white smiling face","U+263A","\xE2\x98\xBA",210,"â˜º","<e2><98><ba>"
"aries","U+2648","\xE2\x99\x88",211,"â™ˆ","<e2><99><88>"
"taurus","U+2649","\xE2\x99\x89",212,"â™‰","<e2><99><89>"
"gemini","U+264A","\xE2\x99\x8A",213,"â™Š","<e2><99><8a>"
"cancer","U+264B","\xE2\x99\x8B",214,"â™‹","<e2><99><8b>"
"leo","U+264C","\xE2\x99\x8C",215,"â™Œ","<e2><99><8c>"
"virgo","U+264D","\xE2\x99\x8D",216,"â™","<e2><99><8d>"
"libra","U+264E","\xE2\x99\x8E",217,"â™","<e2><99><8e>"
"scorpius","U+264F","\xE2\x99\x8F",218,"â™","<e2><99><8f>"
"sagittarius","U+2650","\xE2\x99\x90",219,"â™","<e2><99><90>"
"capricorn","U+2651","\xE2\x99\x91",220,"â™‘","<e2><99><91>"
"aquarius","U+2652","\xE2\x99\x92",221,"â™’","<e2><99><92>"
"pisces","U+2653","\xE2\x99\x93",222,"â™“","<e2><99><93>"
"black spade suit","U+2660","\xE2\x99\xA0",223,"â™ ","<e2><99><a0>"
"black club suit","U+2663","\xE2\x99\xA3",224,"â™£","<e2><99><a3>"
"black heart suit","U+2665","\xE2\x99\xA5",225,"â™¥","<e2><99><a5>"
"black diamond suit","U+2666","\xE2\x99\xA6",226,"â™¦","<e2><99><a6>"
"hot springs","U+2668","\xE2\x99\xA8",227,"â™¨","<e2><99><a8>"
"black universal recycling symbol","U+267B","\xE2\x99\xBB",228,"â™»","<e2><99><bb>"
"wheelchair symbol","U+267F","\xE2\x99\xBF",229,"â™¿","<e2><99><bf>"
"anchor","U+2693","\xE2\x9A\x93",230,"âš“","<e2><9a><93>"
"warning sign","U+26A0","\xE2\x9A\xA0",231,"âš ","<e2><9a><a0>"
"high voltage sign","U+26A1","\xE2\x9A\xA1",232,"âš¡","<e2><9a><a1>"
"medium white circle","U+26AA","\xE2\x9A\xAA",233,"âšª","<e2><9a><aa>"
"medium black circle","U+26AB","\xE2\x9A\xAB",234,"âš«","<e2><9a><ab>"
"soccer ball","U+26BD","\xE2\x9A\xBD",235,"âš½","<e2><9a><bd>"
"baseball","U+26BE","\xE2\x9A\xBE",236,"âš¾","<e2><9a><be>"
"snowman without snow","U+26C4","\xE2\x9B\x84",237,"â›„","<e2><9b><84>"
"sun behind cloud","U+26C5","\xE2\x9B\x85",238,"â›…","<e2><9b><85>"
"ophiuchus","U+26CE","\xE2\x9B\x8E",239,"â›","<e2><9b><8e>"
"no entry","U+26D4","\xE2\x9B\x94",240,"â›”","<e2><9b><94>"
"church","U+26EA","\xE2\x9B\xAA",241,"â›ª","<e2><9b><aa>"
"fountain","U+26F2","\xE2\x9B\xB2",242,"â›²","<e2><9b><b2>"
"flag in hole","U+26F3","\xE2\x9B\xB3",243,"â›³","<e2><9b><b3>"
"sailboat","U+26F5","\xE2\x9B\xB5",244,"â›µ","<e2><9b><b5>"
"tent","U+26FA","\xE2\x9B\xBA",245,"â›º","<e2><9b><ba>"
"fuel pump","U+26FD","\xE2\x9B\xBD",246,"â›½","<e2><9b><bd>"
"arrow pointing rightwards then curving upwards","U+2934","\xE2\xA4\xB4",247,"â¤´","<e2><a4><b4>"
"arrow pointing rightwards then curving downwards","U+2935","\xE2\xA4\xB5",248,"â¤µ","<e2><a4><b5>"
"leftwards black arrow","U+2B05","\xE2\xAC\x85",249,"â¬…","<e2><ac><85>"
"upwards black arrow","U+2B06","\xE2\xAC\x86",250,"â¬†","<e2><ac><86>"
"downwards black arrow","U+2B07","\xE2\xAC\x87",251,"â¬‡","<e2><ac><87>"
"black large square","U+2B1B","\xE2\xAC\x9B",252,"â¬›","<e2><ac><9b>"
"white large square","U+2B1C","\xE2\xAC\x9C",253,"â¬œ","<e2><ac><9c>"
"white medium star","U+2B50","\xE2\xAD\x90",254,"â­","<e2><ad><90>"
"heavy large circle","U+2B55","\xE2\xAD\x95",255,"â­•","<e2><ad><95>"
"wavy dash","U+3030","\xE3\x80\xB0",256,"ã€°","<e3><80><b0>"
"part alternation mark","U+303D","\xE3\x80\xBD",257,"ã€½","<e3><80><bd>"
"circled ideograph congratulation","U+3297","\xE3\x8A\x97",258,"ãŠ—","<e3><8a><97>"
"circled ideograph secret","U+3299","\xE3\x8A\x99",259,"ãŠ™","<e3><8a><99>"
"mahjong tile red dragon","U+1F004","\xF0\x9F\x80\x84",260,"ğŸ€„","<ed><a0><bc><ed><b0><84>"
"playing card black joker","U+1F0CF","\xF0\x9F\x83\x8F",261,"ğŸƒ","<ed><a0><bc><ed><b3><8f>"
"cyclone","U+1F300","\xF0\x9F\x8C\x80",262,"ğŸŒ€","<ed><a0><bc><ed><bc><80>"
"foggy","U+1F301","\xF0\x9F\x8C\x81",263,"ğŸŒ","<ed><a0><bc><ed><bc><81>"
"closed umbrella","U+1F302","\xF0\x9F\x8C\x82",264,"ğŸŒ‚","<ed><a0><bc><ed><bc><82>"
"night with stars","U+1F303","\xF0\x9F\x8C\x83",265,"ğŸŒƒ","<ed><a0><bc><ed><bc><83>"
"sunrise over mountains","U+1F304","\xF0\x9F\x8C\x84",266,"ğŸŒ„","<ed><a0><bc><ed><bc><84>"
"sunrise","U+1F305","\xF0\x9F\x8C\x85",267,"ğŸŒ…","<ed><a0><bc><ed><bc><85>"
"cityscape at dusk","U+1F306","\xF0\x9F\x8C\x86",268,"ğŸŒ†","<ed><a0><bc><ed><bc><86>"
"sunset over buildings","U+1F307","\xF0\x9F\x8C\x87",269,"ğŸŒ‡","<ed><a0><bc><ed><bc><87>"
"rainbow","U+1F308","\xF0\x9F\x8C\x88",270,"ğŸŒˆ","<ed><a0><bc><ed><bc><88>"
"bridge at night","U+1F309","\xF0\x9F\x8C\x89",271,"ğŸŒ‰","<ed><a0><bc><ed><bc><89>"
"water wave","U+1F30A","\xF0\x9F\x8C\x8A",272,"ğŸŒŠ","<ed><a0><bc><ed><bc><8a>"
"volcano","U+1F30B","\xF0\x9F\x8C\x8B",273,"ğŸŒ‹","<ed><a0><bc><ed><bc><8b>"
"milky way","U+1F30C","\xF0\x9F\x8C\x8C",274,"ğŸŒŒ","<ed><a0><bc><ed><bc><8c>"
"earth globe asia-australia","U+1F30F","\xF0\x9F\x8C\x8F",275,"ğŸŒ","<ed><a0><bc><ed><bc><8f>"
"new moon symbol","U+1F311","\xF0\x9F\x8C\x91",276,"ğŸŒ‘","<ed><a0><bc><ed><bc><91>"
"first quarter moon symbol","U+1F313","\xF0\x9F\x8C\x93",277,"ğŸŒ“","<ed><a0><bc><ed><bc><93>"
"waxing gibbous moon symbol","U+1F314","\xF0\x9F\x8C\x94",278,"ğŸŒ”","<ed><a0><bc><ed><bc><94>"
"full moon symbol","U+1F315","\xF0\x9F\x8C\x95",279,"ğŸŒ•","<ed><a0><bc><ed><bc><95>"
"crescent moon","U+1F319","\xF0\x9F\x8C\x99",280,"ğŸŒ™","<ed><a0><bc><ed><bc><99>"
"first quarter moon with face","U+1F31B","\xF0\x9F\x8C\x9B",281,"ğŸŒ›","<ed><a0><bc><ed><bc><9b>"
"glowing star","U+1F31F","\xF0\x9F\x8C\x9F",282,"ğŸŒŸ","<ed><a0><bc><ed><bc><9f>"
"shooting star","U+1F320","\xF0\x9F\x8C\xA0",283,"ğŸŒ ","<ed><a0><bc><ed><bc><a0>"
"chestnut","U+1F330","\xF0\x9F\x8C\xB0",284,"ğŸŒ°","<ed><a0><bc><ed><bc><b0>"
"seedling","U+1F331","\xF0\x9F\x8C\xB1",285,"ğŸŒ±","<ed><a0><bc><ed><bc><b1>"
"palm tree","U+1F334","\xF0\x9F\x8C\xB4",286,"ğŸŒ´","<ed><a0><bc><ed><bc><b4>"
"cactus","U+1F335","\xF0\x9F\x8C\xB5",287,"ğŸŒµ","<ed><a0><bc><ed><bc><b5>"
"tulip","U+1F337","\xF0\x9F\x8C\xB7",288,"ğŸŒ·","<ed><a0><bc><ed><bc><b7>"
"cherry blossom","U+1F338","\xF0\x9F\x8C\xB8",289,"ğŸŒ¸","<ed><a0><bc><ed><bc><b8>"
"rose","U+1F339","\xF0\x9F\x8C\xB9",290,"ğŸŒ¹","<ed><a0><bc><ed><bc><b9>"
"hibiscus","U+1F33A","\xF0\x9F\x8C\xBA",291,"ğŸŒº","<ed><a0><bc><ed><bc><ba>"
"sunflower","U+1F33B","\xF0\x9F\x8C\xBB",292,"ğŸŒ»","<ed><a0><bc><ed><bc><bb>"
"blossom","U+1F33C","\xF0\x9F\x8C\xBC",293,"ğŸŒ¼","<ed><a0><bc><ed><bc><bc>"
"ear of maize","U+1F33D","\xF0\x9F\x8C\xBD",294,"ğŸŒ½","<ed><a0><bc><ed><bc><bd>"
"ear of rice","U+1F33E","\xF0\x9F\x8C\xBE",295,"ğŸŒ¾","<ed><a0><bc><ed><bc><be>"
"herb","U+1F33F","\xF0\x9F\x8C\xBF",296,"ğŸŒ¿","<ed><a0><bc><ed><bc><bf>"
"four leaf clover","U+1F340","\xF0\x9F\x8D\x80",297,"ğŸ€","<ed><a0><bc><ed><bd><80>"
"maple leaf","U+1F341","\xF0\x9F\x8D\x81",298,"ğŸ","<ed><a0><bc><ed><bd><81>"
"fallen leaf","U+1F342","\xF0\x9F\x8D\x82",299,"ğŸ‚","<ed><a0><bc><ed><bd><82>"
"leaf fluttering in wind","U+1F343","\xF0\x9F\x8D\x83",300,"ğŸƒ","<ed><a0><bc><ed><bd><83>"
"mushroom","U+1F344","\xF0\x9F\x8D\x84",301,"ğŸ„","<ed><a0><bc><ed><bd><84>"
"tomato","U+1F345","\xF0\x9F\x8D\x85",302,"ğŸ…","<ed><a0><bc><ed><bd><85>"
"aubergine","U+1F346","\xF0\x9F\x8D\x86",303,"ğŸ†","<ed><a0><bc><ed><bd><86>"
"grapes","U+1F347","\xF0\x9F\x8D\x87",304,"ğŸ‡","<ed><a0><bc><ed><bd><87>"
"melon","U+1F348","\xF0\x9F\x8D\x88",305,"ğŸˆ","<ed><a0><bc><ed><bd><88>"
"watermelon","U+1F349","\xF0\x9F\x8D\x89",306,"ğŸ‰","<ed><a0><bc><ed><bd><89>"
"tangerine","U+1F34A","\xF0\x9F\x8D\x8A",307,"ğŸŠ","<ed><a0><bc><ed><bd><8a>"
"banana","U+1F34C","\xF0\x9F\x8D\x8C",308,"ğŸŒ","<ed><a0><bc><ed><bd><8c>"
"pineapple","U+1F34D","\xF0\x9F\x8D\x8D",309,"ğŸ","<ed><a0><bc><ed><bd><8d>"
"red apple","U+1F34E","\xF0\x9F\x8D\x8E",310,"ğŸ","<ed><a0><bc><ed><bd><8e>"
"green apple","U+1F34F","\xF0\x9F\x8D\x8F",311,"ğŸ","<ed><a0><bc><ed><bd><8f>"
"peach","U+1F351","\xF0\x9F\x8D\x91",312,"ğŸ‘","<ed><a0><bc><ed><bd><91>"
"cherries","U+1F352","\xF0\x9F\x8D\x92",313,"ğŸ’","<ed><a0><bc><ed><bd><92>"
"strawberry","U+1F353","\xF0\x9F\x8D\x93",314,"ğŸ“","<ed><a0><bc><ed><bd><93>"
"hamburger","U+1F354","\xF0\x9F\x8D\x94",315,"ğŸ”","<ed><a0><bc><ed><bd><94>"
"slice of pizza","U+1F355","\xF0\x9F\x8D\x95",316,"ğŸ•","<ed><a0><bc><ed><bd><95>"
"meat on bone","U+1F356","\xF0\x9F\x8D\x96",317,"ğŸ–","<ed><a0><bc><ed><bd><96>"
"poultry leg","U+1F357","\xF0\x9F\x8D\x97",318,"ğŸ—","<ed><a0><bc><ed><bd><97>"
"rice cracker","U+1F358","\xF0\x9F\x8D\x98",319,"ğŸ˜","<ed><a0><bc><ed><bd><98>"
"rice ball","U+1F359","\xF0\x9F\x8D\x99",320,"ğŸ™","<ed><a0><bc><ed><bd><99>"
"cooked rice","U+1F35A","\xF0\x9F\x8D\x9A",321,"ğŸš","<ed><a0><bc><ed><bd><9a>"
"curry and rice","U+1F35B","\xF0\x9F\x8D\x9B",322,"ğŸ›","<ed><a0><bc><ed><bd><9b>"
"steaming bowl","U+1F35C","\xF0\x9F\x8D\x9C",323,"ğŸœ","<ed><a0><bc><ed><bd><9c>"
"spaghetti","U+1F35D","\xF0\x9F\x8D\x9D",324,"ğŸ","<ed><a0><bc><ed><bd><9d>"
"bread","U+1F35E","\xF0\x9F\x8D\x9E",325,"ğŸ","<ed><a0><bc><ed><bd><9e>"
"french fries","U+1F35F","\xF0\x9F\x8D\x9F",326,"ğŸŸ","<ed><a0><bc><ed><bd><9f>"
"roasted sweet potato","U+1F360","\xF0\x9F\x8D\xA0",327,"ğŸ ","<ed><a0><bc><ed><bd><a0>"
"dango","U+1F361","\xF0\x9F\x8D\xA1",328,"ğŸ¡","<ed><a0><bc><ed><bd><a1>"
"oden","U+1F362","\xF0\x9F\x8D\xA2",329,"ğŸ¢","<ed><a0><bc><ed><bd><a2>"
"sushi","U+1F363","\xF0\x9F\x8D\xA3",330,"ğŸ£","<ed><a0><bc><ed><bd><a3>"
"fried shrimp","U+1F364","\xF0\x9F\x8D\xA4",331,"ğŸ¤","<ed><a0><bc><ed><bd><a4>"
"fish cake with swirl design","U+1F365","\xF0\x9F\x8D\xA5",332,"ğŸ¥","<ed><a0><bc><ed><bd><a5>"
"soft ice cream","U+1F366","\xF0\x9F\x8D\xA6",333,"ğŸ¦","<ed><a0><bc><ed><bd><a6>"
"shaved ice","U+1F367","\xF0\x9F\x8D\xA7",334,"ğŸ§","<ed><a0><bc><ed><bd><a7>"
"ice cream","U+1F368","\xF0\x9F\x8D\xA8",335,"ğŸ¨","<ed><a0><bc><ed><bd><a8>"
"doughnut","U+1F369","\xF0\x9F\x8D\xA9",336,"ğŸ©","<ed><a0><bc><ed><bd><a9>"
"cookie","U+1F36A","\xF0\x9F\x8D\xAA",337,"ğŸª","<ed><a0><bc><ed><bd><aa>"
"chocolate bar","U+1F36B","\xF0\x9F\x8D\xAB",338,"ğŸ«","<ed><a0><bc><ed><bd><ab>"
"candy","U+1F36C","\xF0\x9F\x8D\xAC",339,"ğŸ¬","<ed><a0><bc><ed><bd><ac>"
"lollipop","U+1F36D","\xF0\x9F\x8D\xAD",340,"ğŸ­","<ed><a0><bc><ed><bd><ad>"
"custard","U+1F36E","\xF0\x9F\x8D\xAE",341,"ğŸ®","<ed><a0><bc><ed><bd><ae>"
"honey pot","U+1F36F","\xF0\x9F\x8D\xAF",342,"ğŸ¯","<ed><a0><bc><ed><bd><af>"
"shortcake","U+1F370","\xF0\x9F\x8D\xB0",343,"ğŸ°","<ed><a0><bc><ed><bd><b0>"
"bento box","U+1F371","\xF0\x9F\x8D\xB1",344,"ğŸ±","<ed><a0><bc><ed><bd><b1>"
"pot of food","U+1F372","\xF0\x9F\x8D\xB2",345,"ğŸ²","<ed><a0><bc><ed><bd><b2>"
"cooking","U+1F373","\xF0\x9F\x8D\xB3",346,"ğŸ³","<ed><a0><bc><ed><bd><b3>"
"fork and knife","U+1F374","\xF0\x9F\x8D\xB4",347,"ğŸ´","<ed><a0><bc><ed><bd><b4>"
"teacup without handle","U+1F375","\xF0\x9F\x8D\xB5",348,"ğŸµ","<ed><a0><bc><ed><bd><b5>"
"sake bottle and cup","U+1F376","\xF0\x9F\x8D\xB6",349,"ğŸ¶","<ed><a0><bc><ed><bd><b6>"
"wine glass","U+1F377","\xF0\x9F\x8D\xB7",350,"ğŸ·","<ed><a0><bc><ed><bd><b7>"
"cocktail glass","U+1F378","\xF0\x9F\x8D\xB8",351,"ğŸ¸","<ed><a0><bc><ed><bd><b8>"
"tropical drink","U+1F379","\xF0\x9F\x8D\xB9",352,"ğŸ¹","<ed><a0><bc><ed><bd><b9>"
"beer mug","U+1F37A","\xF0\x9F\x8D\xBA",353,"ğŸº","<ed><a0><bc><ed><bd><ba>"
"clinking beer mugs","U+1F37B","\xF0\x9F\x8D\xBB",354,"ğŸ»","<ed><a0><bc><ed><bd><bb>"
"ribbon","U+1F380","\xF0\x9F\x8E\x80",355,"ğŸ€","<ed><a0><bc><ed><be><80>"
"wrapped present","U+1F381","\xF0\x9F\x8E\x81",356,"ğŸ","<ed><a0><bc><ed><be><81>"
"birthday cake","U+1F382","\xF0\x9F\x8E\x82",357,"ğŸ‚","<ed><a0><bc><ed><be><82>"
"jack-o-lantern","U+1F383","\xF0\x9F\x8E\x83",358,"ğŸƒ","<ed><a0><bc><ed><be><83>"
"christmas tree","U+1F384","\xF0\x9F\x8E\x84",359,"ğŸ„","<ed><a0><bc><ed><be><84>"
"father christmas","U+1F385","\xF0\x9F\x8E\x85",360,"ğŸ…","<ed><a0><bc><ed><be><85>"
"fireworks","U+1F386","\xF0\x9F\x8E\x86",361,"ğŸ†","<ed><a0><bc><ed><be><86>"
"firework sparkler","U+1F387","\xF0\x9F\x8E\x87",362,"ğŸ‡","<ed><a0><bc><ed><be><87>"
"balloon","U+1F388","\xF0\x9F\x8E\x88",363,"ğŸˆ","<ed><a0><bc><ed><be><88>"
"party popper","U+1F389","\xF0\x9F\x8E\x89",364,"ğŸ‰","<ed><a0><bc><ed><be><89>"
"confetti ball","U+1F38A","\xF0\x9F\x8E\x8A",365,"ğŸŠ","<ed><a0><bc><ed><be><8a>"
"tanabata tree","U+1F38B","\xF0\x9F\x8E\x8B",366,"ğŸ‹","<ed><a0><bc><ed><be><8b>"
"crossed flags","U+1F38C","\xF0\x9F\x8E\x8C",367,"ğŸŒ","<ed><a0><bc><ed><be><8c>"
"pine decoration","U+1F38D","\xF0\x9F\x8E\x8D",368,"ğŸ","<ed><a0><bc><ed><be><8d>"
"japanese dolls","U+1F38E","\xF0\x9F\x8E\x8E",369,"ğŸ","<ed><a0><bc><ed><be><8e>"
"carp streamer","U+1F38F","\xF0\x9F\x8E\x8F",370,"ğŸ","<ed><a0><bc><ed><be><8f>"
"wind chime","U+1F390","\xF0\x9F\x8E\x90",371,"ğŸ","<ed><a0><bc><ed><be><90>"
"moon viewing ceremony","U+1F391","\xF0\x9F\x8E\x91",372,"ğŸ‘","<ed><a0><bc><ed><be><91>"
"school satchel","U+1F392","\xF0\x9F\x8E\x92",373,"ğŸ’","<ed><a0><bc><ed><be><92>"
"graduation cap","U+1F393","\xF0\x9F\x8E\x93",374,"ğŸ“","<ed><a0><bc><ed><be><93>"
"carousel horse","U+1F3A0","\xF0\x9F\x8E\xA0",375,"ğŸ ","<ed><a0><bc><ed><be><a0>"
"ferris wheel","U+1F3A1","\xF0\x9F\x8E\xA1",376,"ğŸ¡","<ed><a0><bc><ed><be><a1>"
"roller coaster","U+1F3A2","\xF0\x9F\x8E\xA2",377,"ğŸ¢","<ed><a0><bc><ed><be><a2>"
"fishing pole and fish","U+1F3A3","\xF0\x9F\x8E\xA3",378,"ğŸ£","<ed><a0><bc><ed><be><a3>"
"microphone","U+1F3A4","\xF0\x9F\x8E\xA4",379,"ğŸ¤","<ed><a0><bc><ed><be><a4>"
"movie camera","U+1F3A5","\xF0\x9F\x8E\xA5",380,"ğŸ¥","<ed><a0><bc><ed><be><a5>"
"cinema","U+1F3A6","\xF0\x9F\x8E\xA6",381,"ğŸ¦","<ed><a0><bc><ed><be><a6>"
"headphone","U+1F3A7","\xF0\x9F\x8E\xA7",382,"ğŸ§","<ed><a0><bc><ed><be><a7>"
"artist palette","U+1F3A8","\xF0\x9F\x8E\xA8",383,"ğŸ¨","<ed><a0><bc><ed><be><a8>"
"top hat","U+1F3A9","\xF0\x9F\x8E\xA9",384,"ğŸ©","<ed><a0><bc><ed><be><a9>"
"circus tent","U+1F3AA","\xF0\x9F\x8E\xAA",385,"ğŸª","<ed><a0><bc><ed><be><aa>"
"ticket","U+1F3AB","\xF0\x9F\x8E\xAB",386,"ğŸ«","<ed><a0><bc><ed><be><ab>"
"clapper board","U+1F3AC","\xF0\x9F\x8E\xAC",387,"ğŸ¬","<ed><a0><bc><ed><be><ac>"
"performing arts","U+1F3AD","\xF0\x9F\x8E\xAD",388,"ğŸ­","<ed><a0><bc><ed><be><ad>"
"video game","U+1F3AE","\xF0\x9F\x8E\xAE",389,"ğŸ®","<ed><a0><bc><ed><be><ae>"
"direct hit","U+1F3AF","\xF0\x9F\x8E\xAF",390,"ğŸ¯","<ed><a0><bc><ed><be><af>"
"slot machine","U+1F3B0","\xF0\x9F\x8E\xB0",391,"ğŸ°","<ed><a0><bc><ed><be><b0>"
"billiards","U+1F3B1","\xF0\x9F\x8E\xB1",392,"ğŸ±","<ed><a0><bc><ed><be><b1>"
"game die","U+1F3B2","\xF0\x9F\x8E\xB2",393,"ğŸ²","<ed><a0><bc><ed><be><b2>"
"bowling","U+1F3B3","\xF0\x9F\x8E\xB3",394,"ğŸ³","<ed><a0><bc><ed><be><b3>"
"flower playing cards","U+1F3B4","\xF0\x9F\x8E\xB4",395,"ğŸ´","<ed><a0><bc><ed><be><b4>"
"musical note","U+1F3B5","\xF0\x9F\x8E\xB5",396,"ğŸµ","<ed><a0><bc><ed><be><b5>"
"multiple musical notes","U+1F3B6","\xF0\x9F\x8E\xB6",397,"ğŸ¶","<ed><a0><bc><ed><be><b6>"
"saxophone","U+1F3B7","\xF0\x9F\x8E\xB7",398,"ğŸ·","<ed><a0><bc><ed><be><b7>"
"guitar","U+1F3B8","\xF0\x9F\x8E\xB8",399,"ğŸ¸","<ed><a0><bc><ed><be><b8>"
"musical keyboard","U+1F3B9","\xF0\x9F\x8E\xB9",400,"ğŸ¹","<ed><a0><bc><ed><be><b9>"
"trumpet","U+1F3BA","\xF0\x9F\x8E\xBA",401,"ğŸº","<ed><a0><bc><ed><be><ba>"
"violin","U+1F3BB","\xF0\x9F\x8E\xBB",402,"ğŸ»","<ed><a0><bc><ed><be><bb>"
"musical score","U+1F3BC","\xF0\x9F\x8E\xBC",403,"ğŸ¼","<ed><a0><bc><ed><be><bc>"
"running shirt with sash","U+1F3BD","\xF0\x9F\x8E\xBD",404,"ğŸ½","<ed><a0><bc><ed><be><bd>"
"tennis racquet and ball","U+1F3BE","\xF0\x9F\x8E\xBE",405,"ğŸ¾","<ed><a0><bc><ed><be><be>"
"ski and ski boot","U+1F3BF","\xF0\x9F\x8E\xBF",406,"ğŸ¿","<ed><a0><bc><ed><be><bf>"
"basketball and hoop","U+1F3C0","\xF0\x9F\x8F\x80",407,"ğŸ€","<ed><a0><bc><ed><bf><80>"
"chequered flag","U+1F3C1","\xF0\x9F\x8F\x81",408,"ğŸ","<ed><a0><bc><ed><bf><81>"
"snowboarder","U+1F3C2","\xF0\x9F\x8F\x82",409,"ğŸ‚","<ed><a0><bc><ed><bf><82>"
"runner","U+1F3C3","\xF0\x9F\x8F\x83",410,"ğŸƒ","<ed><a0><bc><ed><bf><83>"
"surfer","U+1F3C4","\xF0\x9F\x8F\x84",411,"ğŸ„","<ed><a0><bc><ed><bf><84>"
"trophy","U+1F3C6","\xF0\x9F\x8F\x86",412,"ğŸ†","<ed><a0><bc><ed><bf><86>"
"american football","U+1F3C8","\xF0\x9F\x8F\x88",413,"ğŸˆ","<ed><a0><bc><ed><bf><88>"
"swimmer","U+1F3CA","\xF0\x9F\x8F\x8A",414,"ğŸŠ","<ed><a0><bc><ed><bf><8a>"
"house building","U+1F3E0","\xF0\x9F\x8F\xA0",415,"ğŸ ","<ed><a0><bc><ed><bf><a0>"
"house with garden","U+1F3E1","\xF0\x9F\x8F\xA1",416,"ğŸ¡","<ed><a0><bc><ed><bf><a1>"
"office building","U+1F3E2","\xF0\x9F\x8F\xA2",417,"ğŸ¢","<ed><a0><bc><ed><bf><a2>"
"japanese post office","U+1F3E3","\xF0\x9F\x8F\xA3",418,"ğŸ£","<ed><a0><bc><ed><bf><a3>"
"hospital","U+1F3E5","\xF0\x9F\x8F\xA5",419,"ğŸ¥","<ed><a0><bc><ed><bf><a5>"
"bank","U+1F3E6","\xF0\x9F\x8F\xA6",420,"ğŸ¦","<ed><a0><bc><ed><bf><a6>"
"automated teller machine","U+1F3E7","\xF0\x9F\x8F\xA7",421,"ğŸ§","<ed><a0><bc><ed><bf><a7>"
"hotel","U+1F3E8","\xF0\x9F\x8F\xA8",422,"ğŸ¨","<ed><a0><bc><ed><bf><a8>"
"love hotel","U+1F3E9","\xF0\x9F\x8F\xA9",423,"ğŸ©","<ed><a0><bc><ed><bf><a9>"
"convenience store","U+1F3EA","\xF0\x9F\x8F\xAA",424,"ğŸª","<ed><a0><bc><ed><bf><aa>"
"school","U+1F3EB","\xF0\x9F\x8F\xAB",425,"ğŸ«","<ed><a0><bc><ed><bf><ab>"
"department store","U+1F3EC","\xF0\x9F\x8F\xAC",426,"ğŸ¬","<ed><a0><bc><ed><bf><ac>"
"factory","U+1F3ED","\xF0\x9F\x8F\xAD",427,"ğŸ­","<ed><a0><bc><ed><bf><ad>"
"izakaya lantern","U+1F3EE","\xF0\x9F\x8F\xAE",428,"ğŸ®","<ed><a0><bc><ed><bf><ae>"
"japanese castle","U+1F3EF","\xF0\x9F\x8F\xAF",429,"ğŸ¯","<ed><a0><bc><ed><bf><af>"
"european castle","U+1F3F0","\xF0\x9F\x8F\xB0",430,"ğŸ°","<ed><a0><bc><ed><bf><b0>"
"snail","U+1F40C","\xF0\x9F\x90\x8C",431,"ğŸŒ","<ed><a0><bd><ed><b0><8c>"
"snake","U+1F40D","\xF0\x9F\x90\x8D",432,"ğŸ","<ed><a0><bd><ed><b0><8d>"
"horse","U+1F40E","\xF0\x9F\x90\x8E",433,"ğŸ","<ed><a0><bd><ed><b0><8e>"
"sheep","U+1F411","\xF0\x9F\x90\x91",434,"ğŸ‘","<ed><a0><bd><ed><b0><91>"
"monkey","U+1F412","\xF0\x9F\x90\x92",435,"ğŸ’","<ed><a0><bd><ed><b0><92>"
"chicken","U+1F414","\xF0\x9F\x90\x94",436,"ğŸ”","<ed><a0><bd><ed><b0><94>"
"boar","U+1F417","\xF0\x9F\x90\x97",437,"ğŸ—","<ed><a0><bd><ed><b0><97>"
"elephant","U+1F418","\xF0\x9F\x90\x98",438,"ğŸ˜","<ed><a0><bd><ed><b0><98>"
"octopus","U+1F419","\xF0\x9F\x90\x99",439,"ğŸ™","<ed><a0><bd><ed><b0><99>"
"spiral shell","U+1F41A","\xF0\x9F\x90\x9A",440,"ğŸš","<ed><a0><bd><ed><b0><9a>"
"bug","U+1F41B","\xF0\x9F\x90\x9B",441,"ğŸ›","<ed><a0><bd><ed><b0><9b>"
"ant","U+1F41C","\xF0\x9F\x90\x9C",442,"ğŸœ","<ed><a0><bd><ed><b0><9c>"
"honeybee","U+1F41D","\xF0\x9F\x90\x9D",443,"ğŸ","<ed><a0><bd><ed><b0><9d>"
"lady beetle","U+1F41E","\xF0\x9F\x90\x9E",444,"ğŸ","<ed><a0><bd><ed><b0><9e>"
"fish","U+1F41F","\xF0\x9F\x90\x9F",445,"ğŸŸ","<ed><a0><bd><ed><b0><9f>"
"tropical fish","U+1F420","\xF0\x9F\x90\xA0",446,"ğŸ ","<ed><a0><bd><ed><b0><a0>"
"blowfish","U+1F421","\xF0\x9F\x90\xA1",447,"ğŸ¡","<ed><a0><bd><ed><b0><a1>"
"turtle","U+1F422","\xF0\x9F\x90\xA2",448,"ğŸ¢","<ed><a0><bd><ed><b0><a2>"
"hatching chick","U+1F423","\xF0\x9F\x90\xA3",449,"ğŸ£","<ed><a0><bd><ed><b0><a3>"
"baby chick","U+1F424","\xF0\x9F\x90\xA4",450,"ğŸ¤","<ed><a0><bd><ed><b0><a4>"
"front-facing baby chick","U+1F425","\xF0\x9F\x90\xA5",451,"ğŸ¥","<ed><a0><bd><ed><b0><a5>"
"bird","U+1F426","\xF0\x9F\x90\xA6",452,"ğŸ¦","<ed><a0><bd><ed><b0><a6>"
"penguin","U+1F427","\xF0\x9F\x90\xA7",453,"ğŸ§","<ed><a0><bd><ed><b0><a7>"
"koala","U+1F428","\xF0\x9F\x90\xA8",454,"ğŸ¨","<ed><a0><bd><ed><b0><a8>"
"poodle","U+1F429","\xF0\x9F\x90\xA9",455,"ğŸ©","<ed><a0><bd><ed><b0><a9>"
"bactrian camel","U+1F42B","\xF0\x9F\x90\xAB",456,"ğŸ«","<ed><a0><bd><ed><b0><ab>"
"dolphin","U+1F42C","\xF0\x9F\x90\xAC",457,"ğŸ¬","<ed><a0><bd><ed><b0><ac>"
"mouse face","U+1F42D","\xF0\x9F\x90\xAD",458,"ğŸ­","<ed><a0><bd><ed><b0><ad>"
"cow face","U+1F42E","\xF0\x9F\x90\xAE",459,"ğŸ®","<ed><a0><bd><ed><b0><ae>"
"tiger face","U+1F42F","\xF0\x9F\x90\xAF",460,"ğŸ¯","<ed><a0><bd><ed><b0><af>"
"rabbit face","U+1F430","\xF0\x9F\x90\xB0",461,"ğŸ°","<ed><a0><bd><ed><b0><b0>"
"cat face","U+1F431","\xF0\x9F\x90\xB1",462,"ğŸ±","<ed><a0><bd><ed><b0><b1>"
"dragon face","U+1F432","\xF0\x9F\x90\xB2",463,"ğŸ²","<ed><a0><bd><ed><b0><b2>"
"spouting whale","U+1F433","\xF0\x9F\x90\xB3",464,"ğŸ³","<ed><a0><bd><ed><b0><b3>"
"horse face","U+1F434","\xF0\x9F\x90\xB4",465,"ğŸ´","<ed><a0><bd><ed><b0><b4>"
"monkey face","U+1F435","\xF0\x9F\x90\xB5",466,"ğŸµ","<ed><a0><bd><ed><b0><b5>"
"dog face","U+1F436","\xF0\x9F\x90\xB6",467,"ğŸ¶","<ed><a0><bd><ed><b0><b6>"
"pig face","U+1F437","\xF0\x9F\x90\xB7",468,"ğŸ·","<ed><a0><bd><ed><b0><b7>"
"frog face","U+1F438","\xF0\x9F\x90\xB8",469,"ğŸ¸","<ed><a0><bd><ed><b0><b8>"
"hamster face","U+1F439","\xF0\x9F\x90\xB9",470,"ğŸ¹","<ed><a0><bd><ed><b0><b9>"
"wolf face","U+1F43A","\xF0\x9F\x90\xBA",471,"ğŸº","<ed><a0><bd><ed><b0><ba>"
"bear face","U+1F43B","\xF0\x9F\x90\xBB",472,"ğŸ»","<ed><a0><bd><ed><b0><bb>"
"panda face","U+1F43C","\xF0\x9F\x90\xBC",473,"ğŸ¼","<ed><a0><bd><ed><b0><bc>"
"pig nose","U+1F43D","\xF0\x9F\x90\xBD",474,"ğŸ½","<ed><a0><bd><ed><b0><bd>"
"paw prints","U+1F43E","\xF0\x9F\x90\xBE",475,"ğŸ¾","<ed><a0><bd><ed><b0><be>"
"eyes","U+1F440","\xF0\x9F\x91\x80",476,"ğŸ‘€","<ed><a0><bd><ed><b1><80>"
"ear","U+1F442","\xF0\x9F\x91\x82",477,"ğŸ‘‚","<ed><a0><bd><ed><b1><82>"
"nose","U+1F443","\xF0\x9F\x91\x83",478,"ğŸ‘ƒ","<ed><a0><bd><ed><b1><83>"
"mouth","U+1F444","\xF0\x9F\x91\x84",479,"ğŸ‘„","<ed><a0><bd><ed><b1><84>"
"tongue","U+1F445","\xF0\x9F\x91\x85",480,"ğŸ‘…","<ed><a0><bd><ed><b1><85>"
"white up pointing backhand index","U+1F446","\xF0\x9F\x91\x86",481,"ğŸ‘†","<ed><a0><bd><ed><b1><86>"
"white down pointing backhand index","U+1F447","\xF0\x9F\x91\x87",482,"ğŸ‘‡","<ed><a0><bd><ed><b1><87>"
"white left pointing backhand index","U+1F448","\xF0\x9F\x91\x88",483,"ğŸ‘ˆ","<ed><a0><bd><ed><b1><88>"
"white right pointing backhand index","U+1F449","\xF0\x9F\x91\x89",484,"ğŸ‘‰","<ed><a0><bd><ed><b1><89>"
"fisted hand sign","U+1F44A","\xF0\x9F\x91\x8A",485,"ğŸ‘Š","<ed><a0><bd><ed><b1><8a>"
"waving hand sign","U+1F44B","\xF0\x9F\x91\x8B",486,"ğŸ‘‹","<ed><a0><bd><ed><b1><8b>"
"ok hand sign","U+1F44C","\xF0\x9F\x91\x8C",487,"ğŸ‘Œ","<ed><a0><bd><ed><b1><8c>"
"thumbs up sign","U+1F44D","\xF0\x9F\x91\x8D",488,"ğŸ‘","<ed><a0><bd><ed><b1><8d>"
"thumbs down sign","U+1F44E","\xF0\x9F\x91\x8E",489,"ğŸ‘","<ed><a0><bd><ed><b1><8e>"
"clapping hands sign","U+1F44F","\xF0\x9F\x91\x8F",490,"ğŸ‘","<ed><a0><bd><ed><b1><8f>"
"open hands sign","U+1F450","\xF0\x9F\x91\x90",491,"ğŸ‘","<ed><a0><bd><ed><b1><90>"
"crown","U+1F451","\xF0\x9F\x91\x91",492,"ğŸ‘‘","<ed><a0><bd><ed><b1><91>"
"womans hat","U+1F452","\xF0\x9F\x91\x92",493,"ğŸ‘’","<ed><a0><bd><ed><b1><92>"
"eyeglasses","U+1F453","\xF0\x9F\x91\x93",494,"ğŸ‘“","<ed><a0><bd><ed><b1><93>"
"necktie","U+1F454","\xF0\x9F\x91\x94",495,"ğŸ‘”","<ed><a0><bd><ed><b1><94>"
"t-shirt","U+1F455","\xF0\x9F\x91\x95",496,"ğŸ‘•","<ed><a0><bd><ed><b1><95>"
"jeans","U+1F456","\xF0\x9F\x91\x96",497,"ğŸ‘–","<ed><a0><bd><ed><b1><96>"
"dress","U+1F457","\xF0\x9F\x91\x97",498,"ğŸ‘—","<ed><a0><bd><ed><b1><97>"
"kimono","U+1F458","\xF0\x9F\x91\x98",499,"ğŸ‘˜","<ed><a0><bd><ed><b1><98>"
"bikini","U+1F459","\xF0\x9F\x91\x99",500,"ğŸ‘™","<ed><a0><bd><ed><b1><99>"
"womans clothes","U+1F45A","\xF0\x9F\x91\x9A",501,"ğŸ‘š","<ed><a0><bd><ed><b1><9a>"
"purse","U+1F45B","\xF0\x9F\x91\x9B",502,"ğŸ‘›","<ed><a0><bd><ed><b1><9b>"
"handbag","U+1F45C","\xF0\x9F\x91\x9C",503,"ğŸ‘œ","<ed><a0><bd><ed><b1><9c>"
"pouch","U+1F45D","\xF0\x9F\x91\x9D",504,"ğŸ‘","<ed><a0><bd><ed><b1><9d>"
"mans shoe","U+1F45E","\xF0\x9F\x91\x9E",505,"ğŸ‘","<ed><a0><bd><ed><b1><9e>"
"athletic shoe","U+1F45F","\xF0\x9F\x91\x9F",506,"ğŸ‘Ÿ","<ed><a0><bd><ed><b1><9f>"
"high-heeled shoe","U+1F460","\xF0\x9F\x91\xA0",507,"ğŸ‘ ","<ed><a0><bd><ed><b1><a0>"
"womans sandal","U+1F461","\xF0\x9F\x91\xA1",508,"ğŸ‘¡","<ed><a0><bd><ed><b1><a1>"
"womans boots","U+1F462","\xF0\x9F\x91\xA2",509,"ğŸ‘¢","<ed><a0><bd><ed><b1><a2>"
"footprints","U+1F463","\xF0\x9F\x91\xA3",510,"ğŸ‘£","<ed><a0><bd><ed><b1><a3>"
"bust in silhouette","U+1F464","\xF0\x9F\x91\xA4",511,"ğŸ‘¤","<ed><a0><bd><ed><b1><a4>"
"boy","U+1F466","\xF0\x9F\x91\xA6",512,"ğŸ‘¦","<ed><a0><bd><ed><b1><a6>"
"girl","U+1F467","\xF0\x9F\x91\xA7",513,"ğŸ‘§","<ed><a0><bd><ed><b1><a7>"
"man","U+1F468","\xF0\x9F\x91\xA8",514,"ğŸ‘¨","<ed><a0><bd><ed><b1><a8>"
"woman","U+1F469","\xF0\x9F\x91\xA9",515,"ğŸ‘©","<ed><a0><bd><ed><b1><a9>"
"family","U+1F46A","\xF0\x9F\x91\xAA",516,"ğŸ‘ª","<ed><a0><bd><ed><b1><aa>"
"man and woman holding hands","U+1F46B","\xF0\x9F\x91\xAB",517,"ğŸ‘«","<ed><a0><bd><ed><b1><ab>"
"police officer","U+1F46E","\xF0\x9F\x91\xAE",518,"ğŸ‘®","<ed><a0><bd><ed><b1><ae>"
"woman with bunny ears","U+1F46F","\xF0\x9F\x91\xAF",519,"ğŸ‘¯","<ed><a0><bd><ed><b1><af>"
"bride with veil","U+1F470","\xF0\x9F\x91\xB0",520,"ğŸ‘°","<ed><a0><bd><ed><b1><b0>"
"person with blond hair","U+1F471","\xF0\x9F\x91\xB1",521,"ğŸ‘±","<ed><a0><bd><ed><b1><b1>"
"man with gua pi mao","U+1F472","\xF0\x9F\x91\xB2",522,"ğŸ‘²","<ed><a0><bd><ed><b1><b2>"
"man with turban","U+1F473","\xF0\x9F\x91\xB3",523,"ğŸ‘³","<ed><a0><bd><ed><b1><b3>"
"older man","U+1F474","\xF0\x9F\x91\xB4",524,"ğŸ‘´","<ed><a0><bd><ed><b1><b4>"
"older woman","U+1F475","\xF0\x9F\x91\xB5",525,"ğŸ‘µ","<ed><a0><bd><ed><b1><b5>"
"baby","U+1F476","\xF0\x9F\x91\xB6",526,"ğŸ‘¶","<ed><a0><bd><ed><b1><b6>"
"construction worker","U+1F477","\xF0\x9F\x91\xB7",527,"ğŸ‘·","<ed><a0><bd><ed><b1><b7>"
"princess","U+1F478","\xF0\x9F\x91\xB8",528,"ğŸ‘¸","<ed><a0><bd><ed><b1><b8>"
"japanese ogre","U+1F479","\xF0\x9F\x91\xB9",529,"ğŸ‘¹","<ed><a0><bd><ed><b1><b9>"
"japanese goblin","U+1F47A","\xF0\x9F\x91\xBA",530,"ğŸ‘º","<ed><a0><bd><ed><b1><ba>"
"ghost","U+1F47B","\xF0\x9F\x91\xBB",531,"ğŸ‘»","<ed><a0><bd><ed><b1><bb>"
"baby angel","U+1F47C","\xF0\x9F\x91\xBC",532,"ğŸ‘¼","<ed><a0><bd><ed><b1><bc>"
"extraterrestrial alien","U+1F47D","\xF0\x9F\x91\xBD",533,"ğŸ‘½","<ed><a0><bd><ed><b1><bd>"
"alien monster","U+1F47E","\xF0\x9F\x91\xBE",534,"ğŸ‘¾","<ed><a0><bd><ed><b1><be>"
"imp","U+1F47F","\xF0\x9F\x91\xBF",535,"ğŸ‘¿","<ed><a0><bd><ed><b1><bf>"
"skull","U+1F480","\xF0\x9F\x92\x80",536,"ğŸ’€","<ed><a0><bd><ed><b2><80>"
"information desk person","U+1F481","\xF0\x9F\x92\x81",537,"ğŸ’","<ed><a0><bd><ed><b2><81>"
"guardsman","U+1F482","\xF0\x9F\x92\x82",538,"ğŸ’‚","<ed><a0><bd><ed><b2><82>"
"dancer","U+1F483","\xF0\x9F\x92\x83",539,"ğŸ’ƒ","<ed><a0><bd><ed><b2><83>"
"lipstick","U+1F484","\xF0\x9F\x92\x84",540,"ğŸ’„","<ed><a0><bd><ed><b2><84>"
"nail polish","U+1F485","\xF0\x9F\x92\x85",541,"ğŸ’…","<ed><a0><bd><ed><b2><85>"
"face massage","U+1F486","\xF0\x9F\x92\x86",542,"ğŸ’†","<ed><a0><bd><ed><b2><86>"
"haircut","U+1F487","\xF0\x9F\x92\x87",543,"ğŸ’‡","<ed><a0><bd><ed><b2><87>"
"barber pole","U+1F488","\xF0\x9F\x92\x88",544,"ğŸ’ˆ","<ed><a0><bd><ed><b2><88>"
"syringe","U+1F489","\xF0\x9F\x92\x89",545,"ğŸ’‰","<ed><a0><bd><ed><b2><89>"
"pill","U+1F48A","\xF0\x9F\x92\x8A",546,"ğŸ’Š","<ed><a0><bd><ed><b2><8a>"
"kiss mark","U+1F48B","\xF0\x9F\x92\x8B",547,"ğŸ’‹","<ed><a0><bd><ed><b2><8b>"
"love letter","U+1F48C","\xF0\x9F\x92\x8C",548,"ğŸ’Œ","<ed><a0><bd><ed><b2><8c>"
"ring","U+1F48D","\xF0\x9F\x92\x8D",549,"ğŸ’","<ed><a0><bd><ed><b2><8d>"
"gem stone","U+1F48E","\xF0\x9F\x92\x8E",550,"ğŸ’","<ed><a0><bd><ed><b2><8e>"
"kiss","U+1F48F","\xF0\x9F\x92\x8F",551,"ğŸ’","<ed><a0><bd><ed><b2><8f>"
"bouquet","U+1F490","\xF0\x9F\x92\x90",552,"ğŸ’","<ed><a0><bd><ed><b2><90>"
"couple with heart","U+1F491","\xF0\x9F\x92\x91",553,"ğŸ’‘","<ed><a0><bd><ed><b2><91>"
"wedding","U+1F492","\xF0\x9F\x92\x92",554,"ğŸ’’","<ed><a0><bd><ed><b2><92>"
"beating heart","U+1F493","\xF0\x9F\x92\x93",555,"ğŸ’“","<ed><a0><bd><ed><b2><93>"
"broken heart","U+1F494","\xF0\x9F\x92\x94",556,"ğŸ’”","<ed><a0><bd><ed><b2><94>"
"two hearts","U+1F495","\xF0\x9F\x92\x95",557,"ğŸ’•","<ed><a0><bd><ed><b2><95>"
"sparkling heart","U+1F496","\xF0\x9F\x92\x96",558,"ğŸ’–","<ed><a0><bd><ed><b2><96>"
"growing heart","U+1F497","\xF0\x9F\x92\x97",559,"ğŸ’—","<ed><a0><bd><ed><b2><97>"
"heart with arrow","U+1F498","\xF0\x9F\x92\x98",560,"ğŸ’˜","<ed><a0><bd><ed><b2><98>"
"blue heart","U+1F499","\xF0\x9F\x92\x99",561,"ğŸ’™","<ed><a0><bd><ed><b2><99>"
"green heart","U+1F49A","\xF0\x9F\x92\x9A",562,"ğŸ’š","<ed><a0><bd><ed><b2><9a>"
"yellow heart","U+1F49B","\xF0\x9F\x92\x9B",563,"ğŸ’›","<ed><a0><bd><ed><b2><9b>"
"purple heart","U+1F49C","\xF0\x9F\x92\x9C",564,"ğŸ’œ","<ed><a0><bd><ed><b2><9c>"
"heart with ribbon","U+1F49D","\xF0\x9F\x92\x9D",565,"ğŸ’","<ed><a0><bd><ed><b2><9d>"
"revolving hearts","U+1F49E","\xF0\x9F\x92\x9E",566,"ğŸ’","<ed><a0><bd><ed><b2><9e>"
"heart decoration","U+1F49F","\xF0\x9F\x92\x9F",567,"ğŸ’Ÿ","<ed><a0><bd><ed><b2><9f>"
"diamond shape with a dot inside","U+1F4A0","\xF0\x9F\x92\xA0",568,"ğŸ’ ","<ed><a0><bd><ed><b2><a0>"
"electric light bulb","U+1F4A1","\xF0\x9F\x92\xA1",569,"ğŸ’¡","<ed><a0><bd><ed><b2><a1>"
"anger symbol","U+1F4A2","\xF0\x9F\x92\xA2",570,"ğŸ’¢","<ed><a0><bd><ed><b2><a2>"
"bomb","U+1F4A3","\xF0\x9F\x92\xA3",571,"ğŸ’£","<ed><a0><bd><ed><b2><a3>"
"sleeping symbol","U+1F4A4","\xF0\x9F\x92\xA4",572,"ğŸ’¤","<ed><a0><bd><ed><b2><a4>"
"collision symbol","U+1F4A5","\xF0\x9F\x92\xA5",573,"ğŸ’¥","<ed><a0><bd><ed><b2><a5>"
"splashing sweat symbol","U+1F4A6","\xF0\x9F\x92\xA6",574,"ğŸ’¦","<ed><a0><bd><ed><b2><a6>"
"droplet","U+1F4A7","\xF0\x9F\x92\xA7",575,"ğŸ’§","<ed><a0><bd><ed><b2><a7>"
"dash symbol","U+1F4A8","\xF0\x9F\x92\xA8",576,"ğŸ’¨","<ed><a0><bd><ed><b2><a8>"
"pile of poo","U+1F4A9","\xF0\x9F\x92\xA9",577,"ğŸ’©","<ed><a0><bd><ed><b2><a9>"
"flexed biceps","U+1F4AA","\xF0\x9F\x92\xAA",578,"ğŸ’ª","<ed><a0><bd><ed><b2><aa>"
"dizzy symbol","U+1F4AB","\xF0\x9F\x92\xAB",579,"ğŸ’«","<ed><a0><bd><ed><b2><ab>"
"speech balloon","U+1F4AC","\xF0\x9F\x92\xAC",580,"ğŸ’¬","<ed><a0><bd><ed><b2><ac>"
"white flower","U+1F4AE","\xF0\x9F\x92\xAE",581,"ğŸ’®","<ed><a0><bd><ed><b2><ae>"
"hundred points symbol","U+1F4AF","\xF0\x9F\x92\xAF",582,"ğŸ’¯","<ed><a0><bd><ed><b2><af>"
"money bag","U+1F4B0","\xF0\x9F\x92\xB0",583,"ğŸ’°","<ed><a0><bd><ed><b2><b0>"
"currency exchange","U+1F4B1","\xF0\x9F\x92\xB1",584,"ğŸ’±","<ed><a0><bd><ed><b2><b1>"
"heavy dollar sign","U+1F4B2","\xF0\x9F\x92\xB2",585,"ğŸ’²","<ed><a0><bd><ed><b2><b2>"
"credit card","U+1F4B3","\xF0\x9F\x92\xB3",586,"ğŸ’³","<ed><a0><bd><ed><b2><b3>"
"banknote with yen sign","U+1F4B4","\xF0\x9F\x92\xB4",587,"ğŸ’´","<ed><a0><bd><ed><b2><b4>"
"banknote with dollar sign","U+1F4B5","\xF0\x9F\x92\xB5",588,"ğŸ’µ","<ed><a0><bd><ed><b2><b5>"
"money with wings","U+1F4B8","\xF0\x9F\x92\xB8",589,"ğŸ’¸","<ed><a0><bd><ed><b2><b8>"
"chart with upwards trend and yen sign","U+1F4B9","\xF0\x9F\x92\xB9",590,"ğŸ’¹","<ed><a0><bd><ed><b2><b9>"
"seat","U+1F4BA","\xF0\x9F\x92\xBA",591,"ğŸ’º","<ed><a0><bd><ed><b2><ba>"
"personal computer","U+1F4BB","\xF0\x9F\x92\xBB",592,"ğŸ’»","<ed><a0><bd><ed><b2><bb>"
"briefcase","U+1F4BC","\xF0\x9F\x92\xBC",593,"ğŸ’¼","<ed><a0><bd><ed><b2><bc>"
"minidisc","U+1F4BD","\xF0\x9F\x92\xBD",594,"ğŸ’½","<ed><a0><bd><ed><b2><bd>"
"floppy disk","U+1F4BE","\xF0\x9F\x92\xBE",595,"ğŸ’¾","<ed><a0><bd><ed><b2><be>"
"optical disc","U+1F4BF","\xF0\x9F\x92\xBF",596,"ğŸ’¿","<ed><a0><bd><ed><b2><bf>"
"dvd","U+1F4C0","\xF0\x9F\x93\x80",597,"ğŸ“€","<ed><a0><bd><ed><b3><80>"
"file folder","U+1F4C1","\xF0\x9F\x93\x81",598,"ğŸ“","<ed><a0><bd><ed><b3><81>"
"open file folder","U+1F4C2","\xF0\x9F\x93\x82",599,"ğŸ“‚","<ed><a0><bd><ed><b3><82>"
"page with curl","U+1F4C3","\xF0\x9F\x93\x83",600,"ğŸ“ƒ","<ed><a0><bd><ed><b3><83>"
"page facing up","U+1F4C4","\xF0\x9F\x93\x84",601,"ğŸ“„","<ed><a0><bd><ed><b3><84>"
"calendar","U+1F4C5","\xF0\x9F\x93\x85",602,"ğŸ“…","<ed><a0><bd><ed><b3><85>"
"tear-off calendar","U+1F4C6","\xF0\x9F\x93\x86",603,"ğŸ“†","<ed><a0><bd><ed><b3><86>"
"card index","U+1F4C7","\xF0\x9F\x93\x87",604,"ğŸ“‡","<ed><a0><bd><ed><b3><87>"
"chart with upwards trend","U+1F4C8","\xF0\x9F\x93\x88",605,"ğŸ“ˆ","<ed><a0><bd><ed><b3><88>"
"chart with downwards trend","U+1F4C9","\xF0\x9F\x93\x89",606,"ğŸ“‰","<ed><a0><bd><ed><b3><89>"
"bar chart","U+1F4CA","\xF0\x9F\x93\x8A",607,"ğŸ“Š","<ed><a0><bd><ed><b3><8a>"
"clipboard","U+1F4CB","\xF0\x9F\x93\x8B",608,"ğŸ“‹","<ed><a0><bd><ed><b3><8b>"
"pushpin","U+1F4CC","\xF0\x9F\x93\x8C",609,"ğŸ“Œ","<ed><a0><bd><ed><b3><8c>"
"round pushpin","U+1F4CD","\xF0\x9F\x93\x8D",610,"ğŸ“","<ed><a0><bd><ed><b3><8d>"
"paperclip","U+1F4CE","\xF0\x9F\x93\x8E",611,"ğŸ“","<ed><a0><bd><ed><b3><8e>"
"straight ruler","U+1F4CF","\xF0\x9F\x93\x8F",612,"ğŸ“","<ed><a0><bd><ed><b3><8f>"
"triangular ruler","U+1F4D0","\xF0\x9F\x93\x90",613,"ğŸ“","<ed><a0><bd><ed><b3><90>"
"bookmark tabs","U+1F4D1","\xF0\x9F\x93\x91",614,"ğŸ“‘","<ed><a0><bd><ed><b3><91>"
"ledger","U+1F4D2","\xF0\x9F\x93\x92",615,"ğŸ“’","<ed><a0><bd><ed><b3><92>"
"notebook","U+1F4D3","\xF0\x9F\x93\x93",616,"ğŸ““","<ed><a0><bd><ed><b3><93>"
"notebook with decorative cover","U+1F4D4","\xF0\x9F\x93\x94",617,"ğŸ“”","<ed><a0><bd><ed><b3><94>"
"closed book","U+1F4D5","\xF0\x9F\x93\x95",618,"ğŸ“•","<ed><a0><bd><ed><b3><95>"
"open book","U+1F4D6","\xF0\x9F\x93\x96",619,"ğŸ“–","<ed><a0><bd><ed><b3><96>"
"green book","U+1F4D7","\xF0\x9F\x93\x97",620,"ğŸ“—","<ed><a0><bd><ed><b3><97>"
"blue book","U+1F4D8","\xF0\x9F\x93\x98",621,"ğŸ“˜","<ed><a0><bd><ed><b3><98>"
"orange book","U+1F4D9","\xF0\x9F\x93\x99",622,"ğŸ“™","<ed><a0><bd><ed><b3><99>"
"books","U+1F4DA","\xF0\x9F\x93\x9A",623,"ğŸ“š","<ed><a0><bd><ed><b3><9a>"
"name badge","U+1F4DB","\xF0\x9F\x93\x9B",624,"ğŸ“›","<ed><a0><bd><ed><b3><9b>"
"scroll","U+1F4DC","\xF0\x9F\x93\x9C",625,"ğŸ“œ","<ed><a0><bd><ed><b3><9c>"
"memo","U+1F4DD","\xF0\x9F\x93\x9D",626,"ğŸ“","<ed><a0><bd><ed><b3><9d>"
"telephone receiver","U+1F4DE","\xF0\x9F\x93\x9E",627,"ğŸ“","<ed><a0><bd><ed><b3><9e>"
"pager","U+1F4DF","\xF0\x9F\x93\x9F",628,"ğŸ“Ÿ","<ed><a0><bd><ed><b3><9f>"
"fax machine","U+1F4E0","\xF0\x9F\x93\xA0",629,"ğŸ“ ","<ed><a0><bd><ed><b3><a0>"
"satellite antenna","U+1F4E1","\xF0\x9F\x93\xA1",630,"ğŸ“¡","<ed><a0><bd><ed><b3><a1>"
"public address loudspeaker","U+1F4E2","\xF0\x9F\x93\xA2",631,"ğŸ“¢","<ed><a0><bd><ed><b3><a2>"
"cheering megaphone","U+1F4E3","\xF0\x9F\x93\xA3",632,"ğŸ“£","<ed><a0><bd><ed><b3><a3>"
"outbox tray","U+1F4E4","\xF0\x9F\x93\xA4",633,"ğŸ“¤","<ed><a0><bd><ed><b3><a4>"
"inbox tray","U+1F4E5","\xF0\x9F\x93\xA5",634,"ğŸ“¥","<ed><a0><bd><ed><b3><a5>"
"package","U+1F4E6","\xF0\x9F\x93\xA6",635,"ğŸ“¦","<ed><a0><bd><ed><b3><a6>"
"e-mail symbol","U+1F4E7","\xF0\x9F\x93\xA7",636,"ğŸ“§","<ed><a0><bd><ed><b3><a7>"
"incoming envelope","U+1F4E8","\xF0\x9F\x93\xA8",637,"ğŸ“¨","<ed><a0><bd><ed><b3><a8>"
"envelope with downwards arrow above","U+1F4E9","\xF0\x9F\x93\xA9",638,"ğŸ“©","<ed><a0><bd><ed><b3><a9>"
"closed mailbox with lowered flag","U+1F4EA","\xF0\x9F\x93\xAA",639,"ğŸ“ª","<ed><a0><bd><ed><b3><aa>"
"closed mailbox with raised flag","U+1F4EB","\xF0\x9F\x93\xAB",640,"ğŸ“«","<ed><a0><bd><ed><b3><ab>"
"postbox","U+1F4EE","\xF0\x9F\x93\xAE",641,"ğŸ“®","<ed><a0><bd><ed><b3><ae>"
"newspaper","U+1F4F0","\xF0\x9F\x93\xB0",642,"ğŸ“°","<ed><a0><bd><ed><b3><b0>"
"mobile phone","U+1F4F1","\xF0\x9F\x93\xB1",643,"ğŸ“±","<ed><a0><bd><ed><b3><b1>"
"mobile phone with rightwards arrow at left","U+1F4F2","\xF0\x9F\x93\xB2",644,"ğŸ“²","<ed><a0><bd><ed><b3><b2>"
"vibration mode","U+1F4F3","\xF0\x9F\x93\xB3",645,"ğŸ“³","<ed><a0><bd><ed><b3><b3>"
"mobile phone off","U+1F4F4","\xF0\x9F\x93\xB4",646,"ğŸ“´","<ed><a0><bd><ed><b3><b4>"
"antenna with bars","U+1F4F6","\xF0\x9F\x93\xB6",647,"ğŸ“¶","<ed><a0><bd><ed><b3><b6>"
"camera","U+1F4F7","\xF0\x9F\x93\xB7",648,"ğŸ“·","<ed><a0><bd><ed><b3><b7>"
"video camera","U+1F4F9","\xF0\x9F\x93\xB9",649,"ğŸ“¹","<ed><a0><bd><ed><b3><b9>"
"television","U+1F4FA","\xF0\x9F\x93\xBA",650,"ğŸ“º","<ed><a0><bd><ed><b3><ba>"
"radio","U+1F4FB","\xF0\x9F\x93\xBB",651,"ğŸ“»","<ed><a0><bd><ed><b3><bb>"
"videocassette","U+1F4FC","\xF0\x9F\x93\xBC",652,"ğŸ“¼","<ed><a0><bd><ed><b3><bc>"
"clockwise downwards and upwards open circle arrows","U+1F503","\xF0\x9F\x94\x83",653,"ğŸ”ƒ","<ed><a0><bd><ed><b4><83>"
"speaker with three sound waves","U+1F50A","\xF0\x9F\x94\x8A",654,"ğŸ”Š","<ed><a0><bd><ed><b4><8a>"
"battery","U+1F50B","\xF0\x9F\x94\x8B",655,"ğŸ”‹","<ed><a0><bd><ed><b4><8b>"
"electric plug","U+1F50C","\xF0\x9F\x94\x8C",656,"ğŸ”Œ","<ed><a0><bd><ed><b4><8c>"
"left-pointing magnifying glass","U+1F50D","\xF0\x9F\x94\x8D",657,"ğŸ”","<ed><a0><bd><ed><b4><8d>"
"right-pointing magnifying glass","U+1F50E","\xF0\x9F\x94\x8E",658,"ğŸ”","<ed><a0><bd><ed><b4><8e>"
"lock with ink pen","U+1F50F","\xF0\x9F\x94\x8F",659,"ğŸ”","<ed><a0><bd><ed><b4><8f>"
"closed lock with key","U+1F510","\xF0\x9F\x94\x90",660,"ğŸ”","<ed><a0><bd><ed><b4><90>"
"key","U+1F511","\xF0\x9F\x94\x91",661,"ğŸ”‘","<ed><a0><bd><ed><b4><91>"
"lock","U+1F512","\xF0\x9F\x94\x92",662,"ğŸ”’","<ed><a0><bd><ed><b4><92>"
"open lock","U+1F513","\xF0\x9F\x94\x93",663,"ğŸ”“","<ed><a0><bd><ed><b4><93>"
"bell","U+1F514","\xF0\x9F\x94\x94",664,"ğŸ””","<ed><a0><bd><ed><b4><94>"
"bookmark","U+1F516","\xF0\x9F\x94\x96",665,"ğŸ”–","<ed><a0><bd><ed><b4><96>"
"link symbol","U+1F517","\xF0\x9F\x94\x97",666,"ğŸ”—","<ed><a0><bd><ed><b4><97>"
"radio button","U+1F518","\xF0\x9F\x94\x98",667,"ğŸ”˜","<ed><a0><bd><ed><b4><98>"
"back with leftwards arrow above","U+1F519","\xF0\x9F\x94\x99",668,"ğŸ”™","<ed><a0><bd><ed><b4><99>"
"end with leftwards arrow above","U+1F51A","\xF0\x9F\x94\x9A",669,"ğŸ”š","<ed><a0><bd><ed><b4><9a>"
"on with exclamation mark with left right arrow above","U+1F51B","\xF0\x9F\x94\x9B",670,"ğŸ”›","<ed><a0><bd><ed><b4><9b>"
"soon with rightwards arrow above","U+1F51C","\xF0\x9F\x94\x9C",671,"ğŸ”œ","<ed><a0><bd><ed><b4><9c>"
"top with upwards arrow above","U+1F51D","\xF0\x9F\x94\x9D",672,"ğŸ”","<ed><a0><bd><ed><b4><9d>"
"no one under eighteen symbol","U+1F51E","\xF0\x9F\x94\x9E",673,"ğŸ”","<ed><a0><bd><ed><b4><9e>"
"keycap ten","U+1F51F","\xF0\x9F\x94\x9F",674,"ğŸ”Ÿ","<ed><a0><bd><ed><b4><9f>"
"input symbol for latin capital letters","U+1F520","\xF0\x9F\x94\xA0",675,"ğŸ” ","<ed><a0><bd><ed><b4><a0>"
"input symbol for latin small letters","U+1F521","\xF0\x9F\x94\xA1",676,"ğŸ”¡","<ed><a0><bd><ed><b4><a1>"
"input symbol for numbers","U+1F522","\xF0\x9F\x94\xA2",677,"ğŸ”¢","<ed><a0><bd><ed><b4><a2>"
"input symbol for symbols","U+1F523","\xF0\x9F\x94\xA3",678,"ğŸ”£","<ed><a0><bd><ed><b4><a3>"
"input symbol for latin letters","U+1F524","\xF0\x9F\x94\xA4",679,"ğŸ”¤","<ed><a0><bd><ed><b4><a4>"
"fire","U+1F525","\xF0\x9F\x94\xA5",680,"ğŸ”¥","<ed><a0><bd><ed><b4><a5>"
"electric torch","U+1F526","\xF0\x9F\x94\xA6",681,"ğŸ”¦","<ed><a0><bd><ed><b4><a6>"
"wrench","U+1F527","\xF0\x9F\x94\xA7",682,"ğŸ”§","<ed><a0><bd><ed><b4><a7>"
"hammer","U+1F528","\xF0\x9F\x94\xA8",683,"ğŸ”¨","<ed><a0><bd><ed><b4><a8>"
"nut and bolt","U+1F529","\xF0\x9F\x94\xA9",684,"ğŸ”©","<ed><a0><bd><ed><b4><a9>"
"hocho","U+1F52A","\xF0\x9F\x94\xAA",685,"ğŸ”ª","<ed><a0><bd><ed><b4><aa>"
"pistol","U+1F52B","\xF0\x9F\x94\xAB",686,"ğŸ”«","<ed><a0><bd><ed><b4><ab>"
"crystal ball","U+1F52E","\xF0\x9F\x94\xAE",687,"ğŸ”®","<ed><a0><bd><ed><b4><ae>"
"six pointed star with middle dot","U+1F52F","\xF0\x9F\x94\xAF",688,"ğŸ”¯","<ed><a0><bd><ed><b4><af>"
"japanese symbol for beginner","U+1F530","\xF0\x9F\x94\xB0",689,"ğŸ”°","<ed><a0><bd><ed><b4><b0>"
"trident emblem","U+1F531","\xF0\x9F\x94\xB1",690,"ğŸ”±","<ed><a0><bd><ed><b4><b1>"
"black square button","U+1F532","\xF0\x9F\x94\xB2",691,"ğŸ”²","<ed><a0><bd><ed><b4><b2>"
"white square button","U+1F533","\xF0\x9F\x94\xB3",692,"ğŸ”³","<ed><a0><bd><ed><b4><b3>"
"large red circle","U+1F534","\xF0\x9F\x94\xB4",693,"ğŸ”´","<ed><a0><bd><ed><b4><b4>"
"large blue circle","U+1F535","\xF0\x9F\x94\xB5",694,"ğŸ”µ","<ed><a0><bd><ed><b4><b5>"
"large orange diamond","U+1F536","\xF0\x9F\x94\xB6",695,"ğŸ”¶","<ed><a0><bd><ed><b4><b6>"
"large blue diamond","U+1F537","\xF0\x9F\x94\xB7",696,"ğŸ”·","<ed><a0><bd><ed><b4><b7>"
"small orange diamond","U+1F538","\xF0\x9F\x94\xB8",697,"ğŸ”¸","<ed><a0><bd><ed><b4><b8>"
"small blue diamond","U+1F539","\xF0\x9F\x94\xB9",698,"ğŸ”¹","<ed><a0><bd><ed><b4><b9>"
"up-pointing red triangle","U+1F53A","\xF0\x9F\x94\xBA",699,"ğŸ”º","<ed><a0><bd><ed><b4><ba>"
"down-pointing red triangle","U+1F53B","\xF0\x9F\x94\xBB",700,"ğŸ”»","<ed><a0><bd><ed><b4><bb>"
"up-pointing small red triangle","U+1F53C","\xF0\x9F\x94\xBC",701,"ğŸ”¼","<ed><a0><bd><ed><b4><bc>"
"down-pointing small red triangle","U+1F53D","\xF0\x9F\x94\xBD",702,"ğŸ”½","<ed><a0><bd><ed><b4><bd>"
"clock face one oclock","U+1F550","\xF0\x9F\x95\x90",703,"ğŸ•","<ed><a0><bd><ed><b5><90>"
"clock face two oclock","U+1F551","\xF0\x9F\x95\x91",704,"ğŸ•‘","<ed><a0><bd><ed><b5><91>"
"clock face three oclock","U+1F552","\xF0\x9F\x95\x92",705,"ğŸ•’","<ed><a0><bd><ed><b5><92>"
"clock face four oclock","U+1F553","\xF0\x9F\x95\x93",706,"ğŸ•“","<ed><a0><bd><ed><b5><93>"
"clock face five oclock","U+1F554","\xF0\x9F\x95\x94",707,"ğŸ•”","<ed><a0><bd><ed><b5><94>"
"clock face six oclock","U+1F555","\xF0\x9F\x95\x95",708,"ğŸ••","<ed><a0><bd><ed><b5><95>"
"clock face seven oclock","U+1F556","\xF0\x9F\x95\x96",709,"ğŸ•–","<ed><a0><bd><ed><b5><96>"
"clock face eight oclock","U+1F557","\xF0\x9F\x95\x97",710,"ğŸ•—","<ed><a0><bd><ed><b5><97>"
"clock face nine oclock","U+1F558","\xF0\x9F\x95\x98",711,"ğŸ•˜","<ed><a0><bd><ed><b5><98>"
"clock face ten oclock","U+1F559","\xF0\x9F\x95\x99",712,"ğŸ•™","<ed><a0><bd><ed><b5><99>"
"clock face eleven oclock","U+1F55A","\xF0\x9F\x95\x9A",713,"ğŸ•š","<ed><a0><bd><ed><b5><9a>"
"clock face twelve oclock","U+1F55B","\xF0\x9F\x95\x9B",714,"ğŸ•›","<ed><a0><bd><ed><b5><9b>"
"mount fuji","U+1F5FB","\xF0\x9F\x97\xBB",715,"ğŸ—»","<ed><a0><bd><ed><b7><bb>"
"tokyo tower","U+1F5FC","\xF0\x9F\x97\xBC",716,"ğŸ—¼","<ed><a0><bd><ed><b7><bc>"
"statue of liberty","U+1F5FD","\xF0\x9F\x97\xBD",717,"ğŸ—½","<ed><a0><bd><ed><b7><bd>"
"silhouette of japan","U+1F5FE","\xF0\x9F\x97\xBE",718,"ğŸ—¾","<ed><a0><bd><ed><b7><be>"
"moyai","U+1F5FF","\xF0\x9F\x97\xBF",719,"ğŸ—¿","<ed><a0><bd><ed><b7><bf>"
"grinning face","U+1F600","\xF0\x9F\x98\x80",720,"ğŸ˜€","<ed><a0><bd><ed><b8><80>"
"smiling face with halo","U+1F607","\xF0\x9F\x98\x87",721,"ğŸ˜‡","<ed><a0><bd><ed><b8><87>"
"smiling face with horns","U+1F608","\xF0\x9F\x98\x88",722,"ğŸ˜ˆ","<ed><a0><bd><ed><b8><88>"
"smiling face with sunglasses","U+1F60E","\xF0\x9F\x98\x8E",723,"ğŸ˜","<ed><a0><bd><ed><b8><8e>"
"neutral face","U+1F610","\xF0\x9F\x98\x90",724,"ğŸ˜","<ed><a0><bd><ed><b8><90>"
"expressionless face","U+1F611","\xF0\x9F\x98\x91",725,"ğŸ˜‘","<ed><a0><bd><ed><b8><91>"
"confused face","U+1F615","\xF0\x9F\x98\x95",726,"ğŸ˜•","<ed><a0><bd><ed><b8><95>"
"kissing face","U+1F617","\xF0\x9F\x98\x97",727,"ğŸ˜—","<ed><a0><bd><ed><b8><97>"
"kissing face with smiling eyes","U+1F619","\xF0\x9F\x98\x99",728,"ğŸ˜™","<ed><a0><bd><ed><b8><99>"
"face with stuck-out tongue","U+1F61B","\xF0\x9F\x98\x9B",729,"ğŸ˜›","<ed><a0><bd><ed><b8><9b>"
"worried face","U+1F61F","\xF0\x9F\x98\x9F",730,"ğŸ˜Ÿ","<ed><a0><bd><ed><b8><9f>"
"frowning face with open mouth","U+1F626","\xF0\x9F\x98\xA6",731,"ğŸ˜¦","<ed><a0><bd><ed><b8><a6>"
"anguished face","U+1F627","\xF0\x9F\x98\xA7",732,"ğŸ˜§","<ed><a0><bd><ed><b8><a7>"
"grimacing face","U+1F62C","\xF0\x9F\x98\xAC",733,"ğŸ˜¬","<ed><a0><bd><ed><b8><ac>"
"face with open mouth","U+1F62E","\xF0\x9F\x98\xAE",734,"ğŸ˜®","<ed><a0><bd><ed><b8><ae>"
"hushed face","U+1F62F","\xF0\x9F\x98\xAF",735,"ğŸ˜¯","<ed><a0><bd><ed><b8><af>"
"sleeping face","U+1F634","\xF0\x9F\x98\xB4",736,"ğŸ˜´","<ed><a0><bd><ed><b8><b4>"
"face without mouth","U+1F636","\xF0\x9F\x98\xB6",737,"ğŸ˜¶","<ed><a0><bd><ed><b8><b6>"
"helicopter","U+1F681","\xF0\x9F\x9A\x81",738,"ğŸš","<ed><a0><bd><ed><ba><81>"
"steam locomotive","U+1F682","\xF0\x9F\x9A\x82",739,"ğŸš‚","<ed><a0><bd><ed><ba><82>"
"train","U+1F686","\xF0\x9F\x9A\x86",740,"ğŸš†","<ed><a0><bd><ed><ba><86>"
"light rail","U+1F688","\xF0\x9F\x9A\x88",741,"ğŸšˆ","<ed><a0><bd><ed><ba><88>"
"tram","U+1F68A","\xF0\x9F\x9A\x8A",742,"ğŸšŠ","<ed><a0><bd><ed><ba><8a>"
"oncoming bus","U+1F68D","\xF0\x9F\x9A\x8D",743,"ğŸš","<ed><a0><bd><ed><ba><8d>"
"trolleybus","U+1F68E","\xF0\x9F\x9A\x8E",744,"ğŸš","<ed><a0><bd><ed><ba><8e>"
"minibus","U+1F690","\xF0\x9F\x9A\x90",745,"ğŸš","<ed><a0><bd><ed><ba><90>"
"oncoming police car","U+1F694","\xF0\x9F\x9A\x94",746,"ğŸš”","<ed><a0><bd><ed><ba><94>"
"oncoming taxi","U+1F696","\xF0\x9F\x9A\x96",747,"ğŸš–","<ed><a0><bd><ed><ba><96>"
"oncoming automobile","U+1F698","\xF0\x9F\x9A\x98",748,"ğŸš˜","<ed><a0><bd><ed><ba><98>"
"articulated lorry","U+1F69B","\xF0\x9F\x9A\x9B",749,"ğŸš›","<ed><a0><bd><ed><ba><9b>"
"tractor","U+1F69C","\xF0\x9F\x9A\x9C",750,"ğŸšœ","<ed><a0><bd><ed><ba><9c>"
"monorail","U+1F69D","\xF0\x9F\x9A\x9D",751,"ğŸš","<ed><a0><bd><ed><ba><9d>"
"mountain railway","U+1F69E","\xF0\x9F\x9A\x9E",752,"ğŸš","<ed><a0><bd><ed><ba><9e>"
"suspension railway","U+1F69F","\xF0\x9F\x9A\x9F",753,"ğŸšŸ","<ed><a0><bd><ed><ba><9f>"
"mountain cableway","U+1F6A0","\xF0\x9F\x9A\xA0",754,"ğŸš ","<ed><a0><bd><ed><ba><a0>"
"aerial tramway","U+1F6A1","\xF0\x9F\x9A\xA1",755,"ğŸš¡","<ed><a0><bd><ed><ba><a1>"
"rowboat","U+1F6A3","\xF0\x9F\x9A\xA3",756,"ğŸš£","<ed><a0><bd><ed><ba><a3>"
"vertical traffic light","U+1F6A6","\xF0\x9F\x9A\xA6",757,"ğŸš¦","<ed><a0><bd><ed><ba><a6>"
"put litter in its place symbol","U+1F6AE","\xF0\x9F\x9A\xAE",758,"ğŸš®","<ed><a0><bd><ed><ba><ae>"
"do not litter symbol","U+1F6AF","\xF0\x9F\x9A\xAF",759,"ğŸš¯","<ed><a0><bd><ed><ba><af>"
"potable water symbol","U+1F6B0","\xF0\x9F\x9A\xB0",760,"ğŸš°","<ed><a0><bd><ed><ba><b0>"
"non-potable water symbol","U+1F6B1","\xF0\x9F\x9A\xB1",761,"ğŸš±","<ed><a0><bd><ed><ba><b1>"
"no bicycles","U+1F6B3","\xF0\x9F\x9A\xB3",762,"ğŸš³","<ed><a0><bd><ed><ba><b3>"
"bicyclist","U+1F6B4","\xF0\x9F\x9A\xB4",763,"ğŸš´","<ed><a0><bd><ed><ba><b4>"
"mountain bicyclist","U+1F6B5","\xF0\x9F\x9A\xB5",764,"ğŸšµ","<ed><a0><bd><ed><ba><b5>"
"no pedestrians","U+1F6B7","\xF0\x9F\x9A\xB7",765,"ğŸš·","<ed><a0><bd><ed><ba><b7>"
"children crossing","U+1F6B8","\xF0\x9F\x9A\xB8",766,"ğŸš¸","<ed><a0><bd><ed><ba><b8>"
"shower","U+1F6BF","\xF0\x9F\x9A\xBF",767,"ğŸš¿","<ed><a0><bd><ed><ba><bf>"
"bathtub","U+1F6C1","\xF0\x9F\x9B\x81",768,"ğŸ›","<ed><a0><bd><ed><bb><81>"
"passport control","U+1F6C2","\xF0\x9F\x9B\x82",769,"ğŸ›‚","<ed><a0><bd><ed><bb><82>"
"customs","U+1F6C3","\xF0\x9F\x9B\x83",770,"ğŸ›ƒ","<ed><a0><bd><ed><bb><83>"
"baggage claim","U+1F6C4","\xF0\x9F\x9B\x84",771,"ğŸ›„","<ed><a0><bd><ed><bb><84>"
"left luggage","U+1F6C5","\xF0\x9F\x9B\x85",772,"ğŸ›…","<ed><a0><bd><ed><bb><85>"
"earth globe europe-africa","U+1F30D","\xF0\x9F\x8C\x8D",773,"ğŸŒ","<ed><a0><bc><ed><bc><8d>"
"earth globe americas","U+1F30E","\xF0\x9F\x8C\x8E",774,"ğŸŒ","<ed><a0><bc><ed><bc><8e>"
"globe with meridians","U+1F310","\xF0\x9F\x8C\x90",775,"ğŸŒ","<ed><a0><bc><ed><bc><90>"
"waxing crescent moon symbol","U+1F312","\xF0\x9F\x8C\x92",776,"ğŸŒ’","<ed><a0><bc><ed><bc><92>"
"waning gibbous moon symbol","U+1F316","\xF0\x9F\x8C\x96",777,"ğŸŒ–","<ed><a0><bc><ed><bc><96>"
"last quarter moon symbol","U+1F317","\xF0\x9F\x8C\x97",778,"ğŸŒ—","<ed><a0><bc><ed><bc><97>"
"waning crescent moon symbol","U+1F318","\xF0\x9F\x8C\x98",779,"ğŸŒ˜","<ed><a0><bc><ed><bc><98>"
"new moon with face","U+1F31A","\xF0\x9F\x8C\x9A",780,"ğŸŒš","<ed><a0><bc><ed><bc><9a>"
"last quarter moon with face","U+1F31C","\xF0\x9F\x8C\x9C",781,"ğŸŒœ","<ed><a0><bc><ed><bc><9c>"
"full moon with face","U+1F31D","\xF0\x9F\x8C\x9D",782,"ğŸŒ","<ed><a0><bc><ed><bc><9d>"
"sun with face","U+1F31E","\xF0\x9F\x8C\x9E",783,"ğŸŒ","<ed><a0><bc><ed><bc><9e>"
"evergreen tree","U+1F332","\xF0\x9F\x8C\xB2",784,"ğŸŒ²","<ed><a0><bc><ed><bc><b2>"
"deciduous tree","U+1F333","\xF0\x9F\x8C\xB3",785,"ğŸŒ³","<ed><a0><bc><ed><bc><b3>"
"lemon","U+1F34B","\xF0\x9F\x8D\x8B",786,"ğŸ‹","<ed><a0><bc><ed><bd><8b>"
"pear","U+1F350","\xF0\x9F\x8D\x90",787,"ğŸ","<ed><a0><bc><ed><bd><90>"
"baby bottle","U+1F37C","\xF0\x9F\x8D\xBC",788,"ğŸ¼","<ed><a0><bc><ed><bd><bc>"
"horse racing","U+1F3C7","\xF0\x9F\x8F\x87",789,"ğŸ‡","<ed><a0><bc><ed><bf><87>"
"rugby football","U+1F3C9","\xF0\x9F\x8F\x89",790,"ğŸ‰","<ed><a0><bc><ed><bf><89>"
"european post office","U+1F3E4","\xF0\x9F\x8F\xA4",791,"ğŸ¤","<ed><a0><bc><ed><bf><a4>"
"rat","U+1F400","\xF0\x9F\x90\x80",792,"ğŸ€","<ed><a0><bd><ed><b0><80>"
"mouse","U+1F401","\xF0\x9F\x90\x81",793,"ğŸ","<ed><a0><bd><ed><b0><81>"
"ox","U+1F402","\xF0\x9F\x90\x82",794,"ğŸ‚","<ed><a0><bd><ed><b0><82>"
"water buffalo","U+1F403","\xF0\x9F\x90\x83",795,"ğŸƒ","<ed><a0><bd><ed><b0><83>"
"cow","U+1F404","\xF0\x9F\x90\x84",796,"ğŸ„","<ed><a0><bd><ed><b0><84>"
"tiger","U+1F405","\xF0\x9F\x90\x85",797,"ğŸ…","<ed><a0><bd><ed><b0><85>"
"leopard","U+1F406","\xF0\x9F\x90\x86",798,"ğŸ†","<ed><a0><bd><ed><b0><86>"
"rabbit","U+1F407","\xF0\x9F\x90\x87",799,"ğŸ‡","<ed><a0><bd><ed><b0><87>"
"cat","U+1F408","\xF0\x9F\x90\x88",800,"ğŸˆ","<ed><a0><bd><ed><b0><88>"
"dragon","U+1F409","\xF0\x9F\x90\x89",801,"ğŸ‰","<ed><a0><bd><ed><b0><89>"
"crocodile","U+1F40A","\xF0\x9F\x90\x8A",802,"ğŸŠ","<ed><a0><bd><ed><b0><8a>"
"whale","U+1F40B","\xF0\x9F\x90\x8B",803,"ğŸ‹","<ed><a0><bd><ed><b0><8b>"
"ram","U+1F40F","\xF0\x9F\x90\x8F",804,"ğŸ","<ed><a0><bd><ed><b0><8f>"
"goat","U+1F410","\xF0\x9F\x90\x90",805,"ğŸ","<ed><a0><bd><ed><b0><90>"
"rooster","U+1F413","\xF0\x9F\x90\x93",806,"ğŸ“","<ed><a0><bd><ed><b0><93>"
"dog","U+1F415","\xF0\x9F\x90\x95",807,"ğŸ•","<ed><a0><bd><ed><b0><95>"
"pig","U+1F416","\xF0\x9F\x90\x96",808,"ğŸ–","<ed><a0><bd><ed><b0><96>"
"dromedary camel","U+1F42A","\xF0\x9F\x90\xAA",809,"ğŸª","<ed><a0><bd><ed><b0><aa>"
"busts in silhouette","U+1F465","\xF0\x9F\x91\xA5",810,"ğŸ‘¥","<ed><a0><bd><ed><b1><a5>"
"two men holding hands","U+1F46C","\xF0\x9F\x91\xAC",811,"ğŸ‘¬","<ed><a0><bd><ed><b1><ac>"
"two women holding hands","U+1F46D","\xF0\x9F\x91\xAD",812,"ğŸ‘­","<ed><a0><bd><ed><b1><ad>"
"thought balloon","U+1F4AD","\xF0\x9F\x92\xAD",813,"ğŸ’­","<ed><a0><bd><ed><b2><ad>"
"banknote with euro sign","U+1F4B6","\xF0\x9F\x92\xB6",814,"ğŸ’¶","<ed><a0><bd><ed><b2><b6>"
"banknote with pound sign","U+1F4B7","\xF0\x9F\x92\xB7",815,"ğŸ’·","<ed><a0><bd><ed><b2><b7>"
"open mailbox with raised flag","U+1F4EC","\xF0\x9F\x93\xAC",816,"ğŸ“¬","<ed><a0><bd><ed><b3><ac>"
"open mailbox with lowered flag","U+1F4ED","\xF0\x9F\x93\xAD",817,"ğŸ“­","<ed><a0><bd><ed><b3><ad>"
"postal horn","U+1F4EF","\xF0\x9F\x93\xAF",818,"ğŸ“¯","<ed><a0><bd><ed><b3><af>"
"no mobile phones","U+1F4F5","\xF0\x9F\x93\xB5",819,"ğŸ“µ","<ed><a0><bd><ed><b3><b5>"
"twisted rightwards arrows","U+1F500","\xF0\x9F\x94\x80",820,"ğŸ”€","<ed><a0><bd><ed><b4><80>"
"clockwise rightwards and leftwards open circle arrows","U+1F501","\xF0\x9F\x94\x81",821,"ğŸ”","<ed><a0><bd><ed><b4><81>"
"clockwise rightwards and leftwards open circle arrows with circled one overlay","U+1F502","\xF0\x9F\x94\x82",822,"ğŸ”‚","<ed><a0><bd><ed><b4><82>"
"anticlockwise downwards and upwards open circle arrows","U+1F504","\xF0\x9F\x94\x84",823,"ğŸ”„","<ed><a0><bd><ed><b4><84>"
"low brightness symbol","U+1F505","\xF0\x9F\x94\x85",824,"ğŸ”…","<ed><a0><bd><ed><b4><85>"
"high brightness symbol","U+1F506","\xF0\x9F\x94\x86",825,"ğŸ”†","<ed><a0><bd><ed><b4><86>"
"speaker with cancellation stroke","U+1F507","\xF0\x9F\x94\x87",826,"ğŸ”‡","<ed><a0><bd><ed><b4><87>"
"speaker with one sound wave","U+1F509","\xF0\x9F\x94\x89",827,"ğŸ”‰","<ed><a0><bd><ed><b4><89>"
"bell with cancellation stroke","U+1F515","\xF0\x9F\x94\x95",828,"ğŸ”•","<ed><a0><bd><ed><b4><95>"
"microscope","U+1F52C","\xF0\x9F\x94\xAC",829,"ğŸ”¬","<ed><a0><bd><ed><b4><ac>"
"telescope","U+1F52D","\xF0\x9F\x94\xAD",830,"ğŸ”­","<ed><a0><bd><ed><b4><ad>"
"clock face one-thirty","U+1F55C","\xF0\x9F\x95\x9C",831,"ğŸ•œ","<ed><a0><bd><ed><b5><9c>"
"clock face two-thirty","U+1F55D","\xF0\x9F\x95\x9D",832,"ğŸ•","<ed><a0><bd><ed><b5><9d>"
"clock face three-thirty","U+1F55E","\xF0\x9F\x95\x9E",833,"ğŸ•","<ed><a0><bd><ed><b5><9e>"
"clock face four-thirty","U+1F55F","\xF0\x9F\x95\x9F",834,"ğŸ•Ÿ","<ed><a0><bd><ed><b5><9f>"
"clock face five-thirty","U+1F560","\xF0\x9F\x95\xA0",835,"ğŸ• ","<ed><a0><bd><ed><b5><a0>"
"clock face six-thirty","U+1F561","\xF0\x9F\x95\xA1",836,"ğŸ•¡","<ed><a0><bd><ed><b5><a1>"
"clock face seven-thirty","U+1F562","\xF0\x9F\x95\xA2",837,"ğŸ•¢","<ed><a0><bd><ed><b5><a2>"
"clock face eight-thirty","U+1F563","\xF0\x9F\x95\xA3",838,"ğŸ•£","<ed><a0><bd><ed><b5><a3>"
"clock face nine-thirty","U+1F564","\xF0\x9F\x95\xA4",839,"ğŸ•¤","<ed><a0><bd><ed><b5><a4>"
"clock face ten-thirty","U+1F565","\xF0\x9F\x95\xA5",840,"ğŸ•¥","<ed><a0><bd><ed><b5><a5>"
"clock face eleven-thirty","U+1F566","\xF0\x9F\x95\xA6",841,"ğŸ•¦","<ed><a0><bd><ed><b5><a6>"
"clock face twelve-thirty","U+1F567","\xF0\x9F\x95\xA7",842,"ğŸ•§","<ed><a0><bd><ed><b5><a7>"
